ID,accession,sequence,solubly_expressed,1b,2b (R),2b (S),ee 2b (%),3b (R),3b (S),ee 3b (%),4b (R),4b (S),ee 4b (%),5b (R),5b (S),ee 5b (%),melting_temperature
Ssal-KRED,Q9UUN9,MAKIDNAVLPEGSLVLVTGANGFVASHVVEQLLEHGYKVRGTARSASKLANLQKRWDAKYPGRFETAVVEDMLKQGAYDEVIKGAAGVAHIASVVSFSNKYDEVVTPAIGGTLNALRAAAATPSVKRFVLTSSTVSALIPKPNVEGIYLDEKSWNLESIDKAKTLPESDPQKSLWVYAASKTEAELAAWKFMDENKPHFTLNAVLPNYTIGTIFDPETQSGSTSGWMMSLFNGEVSPALALMPPQYYVSAVDIGLLHLGCLVLPQIERRRVYGTAGTFDWNTVLATFRKLYPSKTFPADFPDQGQDLSKFDTAPSLEILKSLGRPGWRSIEESIKDLVGSETA,1,1,4.05,3.15,12.5,5.03,0,100,2.22,0.21,82.71604938,0,5.37,-100,59.7
Ort-RDM-1,PWN99435,MSNAPIAPGSLVLVTGGTGFIGSHVVRTFLHDGFRVRLPARTQEKGDKFVKHFSEYADKLEVVVIPDALREGAYDEAVKGVAGIAHLATAIDIQSTDYDAVVPPSIAGTVGVLQSALKYGPTVQRVAICSSSGASGQPNPVPRAKFEADPSIAQKLDASTWNDKSIETIEAQRKNGKVTDGFQLYYVSKVLAERAAHDFIKNEKPNFTISMILPNANFGDMIPCATGTSTGGWSQAVADGQDMNQIDPQWFVNVDDTARLHVQALVSPDIKQGERIWAVSERFTWNDIAAEVKKNKPEANVVTVEGDKDRVDASDIDASRAQELLKEFGGFQGLAVTVRQGLGLEKPRI,1,0.3,1.3,0.0,100.0,2.0,2.4,-10.0,2.4,0.0,100.0,0.3,4.7,-86.6,31.1
Ort-RDM-16,EDK39148,MSTTVFVSGANGFIAQHIIKQLLEKNYKVIGSVRSQQKGEDLIKNFKSSNLSYEIIESLSKEGAFDKALENHPEVEVFLHTASPATFATEDLKNDLLLPAIDGTKNVLKSIKAHGKNVKKVVVTSSIVSIAKVTRGPTGTINEKEWNDITWDEGLQNGLTAYVASKTFAEKAAWEFVETNKPSWTLTTVNPVFVFGPQAFDSSVKGGMNLTSEILLSSLRLKPEDPLPETDGYFADVRDVARAHIAAFESPDAAGQRLLVNSEEFNFRKILDIINKKFPQLNVVKGSSEKVKLPYVLDSSASRKIIGDKFIDLETSVYDCVKQYVDNN,1,1.6,3.7,4.0,-3.4,5.2,0.0,100.0,0.1,2.4,-91.3,3.1,2.0,21.4,46.8
Ort-RDM-23,CCG24478,MTAKVIVSGGTGFIAQHILEQLLNHNYNIVTTVRSQAKGDHLLQLFNSPSTLSYEIVEDVGKPGAFDQVLQKNQDATVFLHTASPFHFKATDIAKELLEPAVEGTKNALKAIQKYGKNIKNVVITSSFAAVGTASKTTDPNYTFTEQDWNEIKWDEAVQNAVSGYRGSKTFAERAAWDFIKENDSQFSLTTVNPGFTFGPQLFTSEVKDQLNTSSEVINSILKLKPTDSIPTFRGTWVDVRDVAKAHVVAFENPKAKNERLILTAGSFTEQSIVDLINAKFPDLNLPKGEPGTDEQVIKEKLATVDNSKTRQILGFKFIDLGKSVIDSVQQILEAKKSRSGAL,1,0.1,0.0,0.0,,5.5,0.0,100.0,0.0,2.4,-100.0,5.2,0.0,100.0,48.0
Ort-EZM-6,EER34926,MSSSTNSTTVFVSGASGYIAQEIIKQLIQKGYKVVGTVRSNDKGDSLKENLKAAGLPSENFSYEIVKDIAVKGAFDEALKAHPEVTVFLHTASPFHFNVSDIEKELLLPAIEGTKNALQAIKTYGPQIKHVVVTSSYVAVGSFFELTDPSQTITEKDWNPITYESAKEHPGKGYFGSKTFAERALWDFVEKEKPNFTVSTVNPAYVFGPQAFEIKNKSQLNTSVELINSVLKLDKDNNDFENQSGYFTDVRDVAKAHIVGFENEKAYGERLLLIEDGFTLQTILNQVRKDFPSLAEKLPVGNPENADNWKKVSHKIDNSKTRELLGYDFIDFKKSVDDTVAQIIA,1,0.0,0.0,0.0,-100.0,6.0,0.0,100.0,0.0,2.6,-97.7,6.0,0.0,100.0,44.2
Ort-EZM-20,EGW32584,MTSTSVFVSGANGFIAQHIIKQLLAKGYTVIGSVRSHQKGEQLKSLIQNDKFSFEIVASLTEKNAFDEVLKKHPEVTVFLHTASPVTFAVEDIEKDLLKPAIVGTVNALNAIKRYGPQIKKVVITASAVNIFGFGPYFDGEQVYTEDDWNPITYEESLENPFFGYLGSKKYAELAAQAFATKENVNFDISFVTPPFVFGPQAYVVKDKANLNLSNEVVNSVVKLTKGDPIPADGSVFVDVRDVARAHLVAFENDEAVSQRLFTASSSYTLDTIANIINSRFPNTTVPRGDESRNEEINRSIQKFDNSRTNKILGFDYITLEESIFDTVDQIFNA,1,0.0,0.7,5.7,-79.0,5.8,0.0,100.0,0.1,2.6,-96.3,6.0,0.0,100.0,35.4
Ort-RDM-1_1,OQO01855,MTTTIPKGSTVLVTGVSGYIGSHVAAQLLEAGYRVRGTSRSKAKAQDLIDYFTSKYGADSITVAEVPDMVATNAYDEAVKGVSGIVHLSSVLTFSTDPEEVIPPSVSGALNILSAAMQEPGVKSLVVTSSSTAALLPQPNEKIKVKVDTWNDAALEAAYKPGVDGFTVYAASKTQAERELWKAIAKEKPHFQVATVLPNANFGTRFKVGGNSTGDWVMALAEGKDDPLQFPPQWFINVDDDAKLHVAALLDSEAAGKRLFAFAAPFTWNDVLAILRKLEPGKKLVGDRDMGEDLSEVPNGEAEALLKKHYGHGWTGLEETIKQNAGPVLIQ,1,0.3,5.9,0.4,87.9,0.0,4.6,-100.0,0.2,0.7,-53.7,3.0,2.5,9.4,38.7
Ort-RDM-1_2,ORY90635,MSISSVLPAGSTVVVTGANGFVASHLVQQLLLAGYKVRGTARAASKLQNLRAKWNAEFGEGKFEALVVEDLTKIDALKEAMQGASAVAHVASDLSMSSDPNAVIPAVIAMTENILSTANATPSIKRVVLTSSTGAGAISQPGVEGIEVNEWTWNEFAKKEARATPEEDPLKGLWVYCASKTEGEQAAWAYVEKEKPHFEFNSVVPTFVMGPTILPDQVSSSAGIVKALFFGDKGYASMLPPQYFVNAEDVALVHLGALTLPSVVSQRVWSVAEPYNWDQVLAIFRKLHPSRTFVEDFQDGHDLSQIDRSKATEVLRQLGREGWRGLSETLEAAVGRE,0,,,,,,,,,,,,,,
Ort-RDM-1_3,KII83904,MTVIPKGSTVLVTGFTGYIGSHVTQQLLEAGYTVRGTTRSATKATFLREKFTREYGEGRLEVVEIPDVTVEGALDEAIKGVSGVAHVASDVSMSTNVDEVVGPVVRGTLSVLRAAAATPSVKRFVLTSSSTAAGFPALGVEYTRGEDSWNDVSAEALASAEDDAGKGFRVYALSKTEGEKAAWKFVKEEKPGFVFNAVLPDSNLGPFFDPSTTPSTAGFPLAILSGQSDVLKGFPNQWFVDVRDTARLHVAALTLPSTDAPGYRLWGAAEPFTWNQLLGIVRKLRPDRDLPEHFAWETTPNLSKIDNARSTALLKELGREGWIGIEESVEGNIEGR,1,0.2,5.8,0.0,99.7,0.0,1.0,-100.0,2.2,0.0,100.0,0.1,4.6,-97.0,42.7
Ort-RDM-1_4,OQO11810,MTPTIPKGSTVLVTGVTGFIGSHVAAQVIEAGYCVRGTSRSKAKAQDLIKYFTSKYGADSITVAEVPDMVAPNAYDEAVKGVAGIVHLSSVLTFSTNPEEVIPPSVSGALNILSAAMQEPGVRSLVVTSSSTAALLPQPNEKIRVNVDTWNDAALEAAYKPGVDGFTVYAASKTQAERELWKAIRKEKPHFQVATVPPNANFGTRFKEGGNSTGDWFINVDDDAKLHVAALLDSEAAGKRLFAFAAPFTWNDVLAILRKLEPGKKLIEDRDLGEDLSEIPNGEAEALLRKHYGYGWTGLEETIKQNAGPVLIL,0,,,,,,,,,,,,,,
Ort-RDM-1_5,EPQ51678,MADATVTAHGGGELQTVPLGTIVLVTGANGYIGAHVVDEALSHGYVVRGVTRSEEKGRGLKQYAQAKYGADRYEAVVVPDIEAEGAYDTVIKGVAGVIHVASPVTIQGSARQAIDAAVNGTLNILKAAKSEPSVRSVVITSSSVASVLPSFEKAQKADHTTWNDVTYDELAKQGFPDGNPAAAYYASKVRAERLAWKFYDEKKPQYKLNTLLPNVNLGRPLEYPGAQAATTSAWIYDIIKGSRSVIDNVRSQWYVHVRDNAKLHVRALADPSIRSERIWAAAAVFTWPEVLRILKELHPELTLPDDPKQTKPDLTVVDNKRGEALLGGWTSLKDTLKEMGTSFP,1,0.0,1.8,0.5,53.5,0.0,4.0,-100.0,2.0,0.0,100.0,0.0,5.4,-100.0,49.3
Ort-RDM-1_6,KZP19295,MSIIPKDSLVLVTGANGFIAAHIVNTLLAEGYRVRGTARAASKIAALKAFWDETYGPERFETAVVEDMAKDGAFVEALKGVAGVVHVASIMLDADSIWLNPALVIDTVVNTNLFLLRASAAQPTVKSFVYTSSAGAAGLPKLDVEYDVGEDTWNTESIQKAYNLPADDPSRPLHAYCASKALSEQAAWKFYKEEKPSFVFNTVLPSMNIGPPVGPADPRSSSALISTFFDGDFSMMHWVTPQHYIDVRDTAELHMHALTSTRLPADGVRILASGSSLNANDLLQILRDLYPERSFPPDIEGMGRDLTRVDQKRAVELLGRFRGLKDAVKANAENL,0,,,,,,,,,,,,,,
Ort-RDM-1_7,KII83927,MTVIPKGSTVLVTGFTGYIGAHVTDQLLGAGYTVRGTTRSAAKATYLKDKFTREYGAGRLDVVEIPDISADGAFNEAIKGVSGVAHIAADVSMSTNVDEVVGSAVKTTLSILRAAAATPSVKRFVLTSSSVAAGFPARNVAYTLTENSWNDVSAKVVASAEEDPLKGVHVYAVSKTEGEKAAWKFVKEEKPGFVFNAVLPDNNQGPFLDLKPQSSAHFALTVLAGKGDGYKGFPTQWFVDVRDTARLHVAALTLESTGAPGYRLWAAAEPFTFNRILATVRKLRPDRTDLPESYAWDTEPNLSQIDNSRSTAILKEMGRDGWIPYEESVKENIKGQ,1,0.0,1.7,0.8,36.0,1.4,0.0,100.0,2.1,0.0,100.0,0.9,3.8,-62.1,46.0
Ort-RDM-1_8,KYG41666,MEEAHSFIKPTIKKGDLILITGATGYIGSNVADQALEAGYRVRGTTRSRAKGQWLYDLLLKKYGEGKFELVEVPDMTDSAAYDDAVRGVSGVIHLASVLTFSTNADEVIPPTVKAALNVLKSATKEPSVKSIVFTSSSTAALSPQPNKKIVVTADTWNNEALNYALSDPNPDGFAVYAASKTAAEQAVWKAVKETQPPFQVAAVLPNMNIGSILKPGGAMDSSTGSWPLKLFRGDTSVYDFPPQYYVNVKDDARLHIIALIDPECDGRRIFAFAAPFNWNDVLAIFRKQNPGMEFPEDGNFGRDLSEVPNAEAEQLLRKHYGKGWTSLEDSLEESTAMLKN,1,0.3,4.6,0.2,92.4,0.0,1.7,-100.0,2.3,0.0,100.0,0.8,4.6,-69.3,38.2
Ort-RDM-1_9,OTA37140,MTATIPKGSTVLVTGVTGFIASHVADQLLQAGYNVRGTTRSKDKAEWMFQLFGSKYGENRFDVYEVPDMIADTAFDESVKGVAGIAHLASILSFSNNPDEVIPPTVKGTLNILKSASKEPSVKSVVYTSSSTAVLLPEANKEMTVPNGYVVYGASKTMAEKAFWEAIEQTKPPFQTSAVLPNTNFGPILDGSEGTSTGSFPIKIWRGDTSMMSFIGPQYFVDVRDTARLHVAALIDPDCNGQRIFAFAEPFNWADVIDIFKKINPDGDFPAPPENEGRDLSKIPNEDAVALLQKHFGQGWVGLEESLRENVKGIDGLKVQ,0,,,,,,,,,,,,,,
Ort-RDM-1_10,KZP30036,MAVKGAFAAAMEGVAGVAHVATIMPSQADSALLQDPGLVVAPVVAGTLSVLRTAAATPSVKSVVLTSSSSAAVWPHPDVEVPSVGEDTWNTECLEQAASLPADAPGKEWHIYGASKVRGEQAAWMFYNEEKPGFVFNAILPNINLGPPLLKEDARSTGAWVAQVYNGDISGISAFTPQWFVDVRDTALLHMYALTGASPALAAGGVRMWAVAAPFSGNDILAALRRLYPTKAFLAEIPGLGKELCRIDNKRGGELLGGWRSLDEAVRASVEGM,0,,,,,,,,,,,,,,
Ort-RDM-1_11,KZP19288,MSIIPKDSLVLVTGANGFIAAHIVNTLLAEGYRVRGTARAASKIAALKAFWDETYGPGRFETAVVEDMAKDGAFVEALKGVAGVVHVASIMLDADSIWLNPALVIDTVVNTNLFLLRSAAAQPTVKSFVYTSSASAAGLPKLDVEYDVGEDTWNTESIQKAYDLPADDPSRPLHAYCASKALGEQAAWKFYKEEKPSFAFNTVLPNVNIGPPVGPADPRSSSALISSFFDGDFSMMHWVTPQHYIDVRDTAELHMHALTSTRLPADGVRILASGSSLNANDLLQILRDLYPERSFPPDIEGMGRDLTRVDQKRAVELLGRFRGLKEAVKANAEKL,0,,,,,,,,,,,,,,
Ort-RDM-1_12,OQO17260,MTTTIPKGSTVLVTGVSGYIGSHVAAQLLEAGYRVRGTSRSKAKAQDLIDYFTSKYGADSITVAEIPDMVATNAYDEAVKGVSGIVHLSSVLTFSTDPEEVIPPSVSGALNILSAAMQEPGVKSLVVTSSSTAALLPQPNETIKVKVDTWNDAALEAAYKPGVDGFTVYAASKTQAERELWKAIAKEKPHFQVATVLPNANFGTRFKEGGNSTGDWVMALAEGKDDPLQFPPQWFINVDDDAKLHVAALLDSEAAGKRLFAFAAPFTWNDVLAILRKLEPGKKLVGDRDMGEDLSEVPNGEAEALLKKHYGHGWTALEETIKQNAGPVLIQ,0,,,,,,,,,,,,,,
Ort-RDM-16_1,EDK47269,MSETAETVIVTGGTGYIGQHIVAELLKDGYKVVAIVRSAQASLNLIKLFNHPYLSTQVVEQLDKPKSIDFVLKQHKEATAFIASAAVVKFDAQDQEEEVLKPSLAIIENTLKSIHHYGEQIKRVVLTSSTAAIVGPDKAFSATAEYSEDDWSPLTYEAGKANGTMAYFTSKKLNEEYAWKYIKEEKPHFDLVSVNPALILGPVTFASEVSLEKFPSTTGMIGGLLHLQKDSYVTELQSGAIDVRDVAKVHVSVIKNPKASNQRLLLEAYKTTNPNMINIIKNNFPEYNDKLPDVAPDSESDFKLPSDTKTKEILGIKHYEYTLEQSVVDLVKQILK,1,0.3,1.8,3.1,-26.4,1.7,0.0,100.0,2.0,0.0,100.0,0.5,4.2,-79.6,42.2
Ort-RDM-16_2,EEQ37269,MTQVFLTGANGYIGAQIAKHLIDKGYEVIGSVRSAKKGDKLKSHLGANFTYEVVPSFVEEGAFDEALKKHPEVVAFLHSASPVIFESSDPENDVLLPAIQGTQNALKAAQKHGPNIRKFVCTSSVSAMFHLGKQTHVTEKSWNPITYEAAKTEPNGLYQGSKTFAEKAAWEFIESEKPSFTFTTINPVYVLGPLAFDEDAATNSFTSTSSIIPKILNTKKGEKLPEFIGSAVDIRDVAKLHIAAIENDNLAGKRLMARSGYWDTQILLEAIQKNFPEIARDMPEGNPGSSEEAKKTYSTFDNSETTKLVGIEWIPVEKSFKDEIAQILRTRG,1,2.1,2.3,4.5,-31.3,1.3,0.3,57.5,0.2,1.5,-81.9,7.1,0.0,100.0,38.3
Ort-RDM-16_3,CCE41045,MTTTETSTPSDSSETVIITGGTGYVGQHIIAQLLKSGYKVIAIVRSQPRGMELIKQYSHPNLQIEAVEQLDKPNSVDFVLKQHPEASTFIAGAAVTDFTAKDVEKEILQKSNAIIKNTLESINHHGKSIKRVVLTSTSGTHIGPEKMFSYDAQYTDDDWSPLPYEAGFANAQMAYFVSKKCNEELAWKFIKDNDTQFDLVSINPSMCLGPVQFANEVSLKEGSYLPSTTNIIANLLKLKPNDTVEPLAAGAADVRDVAKAHVAVINNPKASGQRLIVEAYKFTNANAINILHNYFPQLKDKLPNAEPIPESKFVEPNLKKSREILGIEKYYNLTDSVVGLAKQLLKE,0,,,,,,,,,,,,,,
Ort-RDM-16_4,EER31342,MSIFITGASGYVGQHILSELLSSDRKVIAIVRSKGSQDKLVKLFPTSNLSFEIVSELDKPNALDSILQKHPEATTFINTASVVKFTADDYAKEIIDPSINIIKYTLTSIKENAPNIKRVILTSSSASMIGPDKAFGYNGEYSDDDWSPLTYELGKINGTMAYFTAKKLAEQEAWNFIKHEKPKFDLVAIMPSLILGPVKFDTEITKNSQPSTSGMIGSLLKLNSNDEIPIMAAGAVDVRDVAIIHNKAIDDENFSNQRILLESNKITNDNMIQIIIDNFPNWKSKLPKPNPIKESDFVKPNDERSKKLIGMKLRSLDDSVIDLVKQIEKDDLVESVEKLKV,1,0.1,0.1,5.0,-98.0,2.6,0.0,100.0,1.6,0.0,100.0,1.7,3.3,-32.0,38.5
Ort-RDM-16_5,CCG25156,MPTDSNLQTVIITGGTGYVGQHIVAQLLHQNYSVIIIDVSPTRAMEIVRLFNHPNLQYKIVDQLNQPHSIDFVLKEFPHASIFIASAAVVPRDNIVDFDREIIQMNHDILKYSLDSIKQCGTNIKQVILTSSTAAYVGPDKAFAIDVAYSDNDWNPLPYDAGRGSVSAAYFVSKKFNEQMAWQFMKDEQPNFDLVTLAPSFCIGPAYFNSQISIDNLPSSTSVVGDLLKLSRHDTVPSFGAGAVDVRDVAKSHISVINNPKANGQRLVVEAYKFTNANTVNILKDHFPQLKDKLPDVEPIPESKFVGPNLKRSKEVLAINRYYTLAESVVDLAKQLLKE,0,,,,,,,,,,,,,,
Ort-RDM-16_6,ABN64930,MSKTTVFLSGATGYIAQQIIVELLSKGYNVVGSVRSQEKGEKLKSYYGEHFQYVVVPNLEQKGVFDEALKKHPEVTVFIHTASPATFSPEDNERDTLIPAIDGTVNALQGIVDHAPQIKRVVLTGSTVSTVDIADFTDPTFFMNEDSWAKVTYEDGKTKDGLTAYWASKKYAEKAAWEFVESKKPNFTISTILPAYVFGPQAQDAEAKGQLNLTAEIVGGFYRLSKDDKVPEVAGPFVDVRDVAKAHVIAFEKDEAQGQRIITSNGRFSSQLILNIIREKFPELREKLPVGVPANGKVPESDSWDDSKSKKLLGFKFSDIEKVVVDTIEQVIRANE,1,2.6,3.3,3.7,-5.4,1.6,0.1,90.5,2.5,0.0,100.0,0.0,5.5,-100.0,34.5
Ort-RDM-16_7,ODV81507,MSPTAFVSGATGYIAQHIVALLLSKDYQVVGSVRSEEKGQHFAKLFNSSHFSYVVVPDIAIPGAFDEAFKAHPAISTVFHVASPFHLSSENVEQNLLKPLIEGTKNILSAIKSFGTNVRRVVLTSSAAAVEATPGYDYADKLVNEDSWTELTYEQALKNGIDGYSGSKVFAEKAAWEFANSEHKPHFDMAVVNPVFVFGPQAFESEAKENLNSSVGHIDAYLKLKPTDPYPTFEGKFTDVRDVAKAHIVAAESAEAANQRLVLCNGGFVPQKLANIIREHFPKLRETIPVGTPENENAPLQNPFAGKLDNSKTNKILGFEQISLEQSVVDTVSQILKSRE,0,,,,,,,,,,,,,,
Ort-RDM-16_8,ODV81308,MSTVLVSGANGFIAQHVVSQLLEKKYKVIGTVRTDAKGQHLAKNFSTPDFQYVIVSNLSLPGGFDEVFQQHPEIEYFLHVASPFNFSDVDVEENLLKPALAGTKEALSSAHKYGKNLKKLVVTSSYAAMGWTYLIDKSIPDDIYIDEDSWTDIPWDVAAKSNGFIAYVASKAHAEREVWNFRERENPKFELTVVNPTYVYGPQAFDSDVTEFMGETSEIINRITKLQPDETPRRERGMCIDVRDVAGAHIIAIEKDECNGKRLLLFNASFSEQNFLNLIHKFYPEQFKNVPIGEPETTEATLTKTFWGDIHNEKTREILKQDWYSHEQCVKDVLEQIVRVRGL,0,,,,,,,,,,,,,,35.8
Ort-RDM-16_9,ODV77212,MSTVLVSGATGFIAQHIIKQLLEKKYKVIGTVRTDAKGQHLTKNFNNPNFLYVLVSNLATPGGFDEVFQQHPEIEYFLHTASPFTLSDDNVEENLLKPALAGTKEALTSAHAYGKNLKKLVVTSSYAAMGWTYLVDKSIPDDVYIDEASWTDIPWDVAAKSDGLTAYIASKAHAEREVWNFKERETPNFDLAVVNPTYVYGPQAFDSDVTEHMGETSEIINRIIKLQPGETPHRDRGLCIDVRDVAGAHIIAMERDECTDKRLLLFNAAFSEQNFLDLVHKFYPEQFKNVPIGDPKTTQATLTKTFWGDIHNEKTREILKQDWYSHEKSVKDILEQIIRVRGL,1,0.0,0.0,4.4,-99.6,0.0,2.3,-100.0,1.2,0.6,30.7,7.6,0.0,100.0,36.2
Ort-RDM-16_10,ABN65471,MSQTVFISGASGYIAQHITAKLLAKGYKVIGSVRSAKKGDELKSLFKNENLSYVVVPDIQADGAFDEALKQHPEISVFLHTASPFVFQVEDVEKELLLPAVTGTKVALTSVLNHGPQIKRVVVTSSYAAMFANEDIPDVVSDETTWTELTWEQAKQNGLVGYLASKAFAEKAAWDFVEKEKPNFKLSTVNPTYVFGPQLFDEYATGPVSTSVELIKAVLKLQPTDEVPSVQGPFIDVRDVADAHLVAFESDAAIGQRILLQDGRFSNSKVVEIIKANFPEFKDKIPAPKTTHEEEIKSHCKLDSSKSDKILGIKFISIEQSIKDTVAQFIKVKAV,1,0.1,0.0,5.1,-100.0,0.0,3.4,-100.0,0.4,1.4,-59.6,7.5,0.0,100.0,41.8
Ort-RDM-16_11,ODV76726,MSTVFLSGATGFIAQHLVRDLIAKGYKVIGSVRSAEKGDLLTGYFPKNFEYTIVEDIESETAFDDVLQKNPEITAFFHTASPFHYGNDNIPERLLQPAINGTKNALASAKKYGSNLKNFIVTSSVAAVGSSFLVNPHLPMTTVINEESWTEISWEQASTNGFIGYSASKAFAEREVWKFVDEEKPSFAVSVVNPSFVFGPQAFDAEAAKTLGTSSELINSLLKAGPDAELPAIKGRWVDVRDVSKAHIVALENKDAAGKRIIVQNGKYNAGVVAQIMLKNFPELKDRLPKFDAPAAQEALSSAAFGQMDDSKSVDLLGFEKVSLEQCITDAIAQLLKVGKQ,0,,,,,,,,,,,,,,35.4
Ort-RDM-16_12,KGT65116,MSKTVILTGASGYIGQHILGELLDQNYKVIAIVRSQKSSDTLSKLFKQTPKLQFEIVEQFDKPHALDKVLEKHKEATIFISTAAVVTFHAEDYERDVLDPAIDLVKNIFSSIKEHAPQITRVILTSSSASVVGLDKAFSYDAEYSDNDWSPFTREMSTSDGTMAYFASKKLAEKEAWKFLKEEKPNFDLVAIMPALILGPVCFSSELKNGKFPSTSGIIGGLLHLKSDDPIQPMAAGAVDVRDVAKVHVDVITSEKASNQRILVESGKVTNDNIIQTIIDNFPSYKDKLPTPNPVPHSKFVKPKDERSRKIIGFSLRSLGDSVVDLVKQIDQENSVIESIKKLDIKK,0,,,,,,,,,,,,,,
Ort-RDM-23_1,CCE78191,MTTVFVSGATGFIAQETVKQLVQKGYKVIGSVRSAERGDRLKKNLGSDNFTYEIVEDIQKEGSFDETLKKHPEVTIFLHTASPFHFKTTDIENDLLKPAVEGTKNALKAIKEHGPNVKKVVITSSFAAIKKNTGDDNPNLVLTEESWNDSTKEQAVKDPLSGYIASKAFAEKAAWEFLEKEKPQFVLSTVNPTLVLGPQAFISEIKNELNTSSEVINSILKSGPNDPLPPILEFFIDVRDVAKAHIAAFEKKEAEGKRLLVSEGRFVAQNIVDYINKDFPQFKGKIAAGNPGQYPDFNAFSKIDNSKTREILGFDFINFETCVKDTVQQILDAGFSR,1,0.0,0.0,4.2,-100.0,4.3,0.0,100.0,0.0,2.3,-99.4,2.0,2.1,-0.6,43.3
Ort-RDM-23-2,EEQ40618,MSETVFVSGATGFIAQHICKLLLDKGYTVIGSARSEAKGEHLAQLLNSTKFSYVVVPDVQFEGAFDDVLAKNPQISVFLHTASPFHFKATNVEDELLKPAVHGTKNALKSITKHGNNVKRVVITSSYAAISTAESEADPSVVNNEKTWNQITWEESKRDPVSGYRGSKKFAELAGWDFVKEQKPNFIINYVNPSFVFGPQAFDSEVKDNLNTSSEIINNLLKLTPESQIPPTRGGFVDVRDVAKAHLIAFEKPIENERLLMNAGRFCSQDLLDVLNAKFPELKGKIPVGEPGTGHLVNDAMCKIENEHTKSILGFKLIDLETTVYDSVKQILDAKKGSKI,1,0.0,0.0,0.0,,5.3,0.0,100.0,0.0,3.0,-99.2,4.1,0.0,100.0,47.4
Ort-RDM-23_3,EDK39163,MTSVYVSGASGFIAQRIIKQLLEKKYKVVGSVRSTEKGDGLVKNFGPDFQYEIVGDIAAKGAFDESLKKHPEVTIFLHTASPFTFTSDDVENDLLIPAQKGTVNALEGIEKYAPQIKKVVITSSYVAIWDITKEFSDPSHLVNEESWNPVTPTEAKSNALMAYCASKTYAERAAWDFVKKNNPNFTLSTVNPSYVFGPQAFEVKDTLNLSSELVQNFLKLKSTDPLPELSGAFVDVRDVAAAHLVAFEKDEAANQRLVLVAHQFIAQEIADIIHKKFPDKSKNVPIGTPGQTAPVDSWSKKDFSKTEKLLGFEYIGLDQSVVDAIDQIFSK,0,,,,,,,,,,,,,,
Ort-RDM-23_4,ODV69400,MLDTVFVSGATGYIAQYVVIYLLEKGYEVIGSVRSKEKGERLAGQLENKSFKYVLIPDIGAKGAFDGVLTTHPEITTFIHTASPFHYSTNEIEKDLMLPAIHGTQNALLAVKTFGSNIKRFVLTSSYVSNCSFLDDNSSNVTVDETSWNQITWEESLENAFNGYYGSKKFAEQAAWDFMKKEDLPFSLTCVNPSLVLGPQAFDLYAKGTVNTSAEMVNEILKLNVDSPIPKIKGPCIDVRDVAKAHLAAFENENTKNQRLIISYERFTSQGILDIIRETLPDLRSSLPIGTPGGQIEASRNTCIIDNSRTKTLLGYNFIPLKKTVTESIEQAIRANTYT,1,0.0,0.0,0.0,,0.0,0.1,-100.0,0.0,0.1,-47.8,0.0,0.0,,
Ort-RDM-23_5,KRZ99698,MTSVFVSGATGYIAQHIVKTLLENNYKVVGSVRSTEKGEKLKRLLQSTNFNYEVVNDIQKEGSFNEALKRHPEVTVFLHTASPFHFKAKDVEKELLIPAVNGTKNALKAIKEYAPQVKRVVVTSSIAAIKVDTKENDSTFVMTEQTWNPITWEEALSNPVSGYRGSKTFAEKAAWEFMETEKPLFILSTVNPVLVFGPQAFDTEVKETLNTSAEVINTLLKLKPDDPIPPLNNAFIDVRDVAKAHVVAFESDDAANQRLLLSESRYSSQLVLDLIHKNFPQFKSRIPVGTPGIYPDTSKLSKTDNSKTRAIVGFPFIPLEKSVIDTVQQIVKAEKLQ,1,0.0,0.0,0.0,,4.9,0.0,100.0,0.1,0.1,-36.7,3.6,0.6,70.0,41.6
Ort-RDM-23_6,EGW30505,MSATVFVSGATGFIAQHVVKTLLSSNYKVIGSVRSTTKGDHLKSLLNSPNFSYEIVEDVEKEGAFDQALQKHPEVTVFLHTASPFHFKATDIEKELLLPAVNGTKNALNAIHKYGSNVSRVVITSSYAAISTASKEVDPNVVVTEQSWNEISWEDAKKDPVSGYRGSKTFAEKAAWEFVKEHNPKFVVSTINPSFVFGPQAYDSEVKDSLNTSSEFINAILKNGPDATIAPTRGGFVDVRDVAKAHLVAFEKEEAKNQRLILNAGRFTLQSIIDILNENIPELKGKIPVGEPGTDKAAIAGLSTIDNSKSLAILGFELIDLKKSVVDSVQQILQARK,1,0.0,0.0,0.0,,4.3,0.0,100.0,0.0,2.6,-98.0,4.2,0.0,100.0,48.5
Ort-RDM-23_7,KGT65805,MSTPITVIVSGATGFIAQHVVKQLLAKNYQVIGTVRSTAKGDHLLKLFNNPKNLSYEIVEDVGTKGAFDKVLQKHGEAKVFLHLASPFHFNVTDVEKELLLPAVDGTKNVLQAIYNFGNNIEKVVITSSYAAISTASKEADKNAIITEKDWNEISWQDALLNPVNGYRGSKKFAEKAAWDFIKSNDNVKFSLSTINPSFVFGPQSFGSEIKQSLNTSSEIINSILKLKPNDSIPASKGGWVDVRDVAKAHIIAFENEDAKNQRILLNSGRFTSQSLVDIINDKFPDLKGKIPVDEPGSDKSVIAESLATIDDTKSRELLGFEYYNLEQSVYDTVEQIVNAHKL,0,,,,,,,,,,,,,,
Ort-RDM-23_8,CAX41255,MSTPTTVIVSGATGFIAQHVVKQLLAKNYQVIGTVRSTTKGDHLLKLFNNPQNLSYEIVEDVGTKGAFDKVLQKHGEAKVFLHLASPFHFNVTDVEKELLLPAVDGTKNVLQAIYNFGKNIEKVVITSSYAAISTASKEADKNAVITEKDWNEISWQDSLLNPVNGYRGSKKFAEKAAWDFVKSNDNVKFSLSTINPSFVFGPQSFSSEIKQSLNTSSEIINSILKLKPNDPIPGSKGGWVDVRDVAKAHIIAFENEDAKNQRILLNSGRFTSQSLVDIINDKFPDLKGKIPVGEPGSDKEIIAESLATIDDTKSRELLGFKYYNLEQSVYDTVEQIVNAHKL,1,0.0,0.0,0.0,,4.1,0.0,100.0,0.1,2.8,-90.5,3.6,0.8,62.2,48.8
Ort-RDM-23_9,EMG50243,MSTTVIVSGATGFIAQHVVKSLLAKNYQVIGTVRSTTKGDHLLKLFNNPSNLSYEIVEDVGTQGAFDNVLKHHPEAKIFLHLASPFHFKATNIEKELLEPAVNGTKNVLQAIKDYGSGIQKVVITSSYAAIGTASREADKSVVVTEDDWNAITWNEALENPIAGYRGSKTFAEKAAWDFVKQNSADVKFTISTVNPTFVFGPQAFEVGQELNTSSEVINSILKGSVPPTKGGWIDVRDVAKAHIIAFEKEEAVGKRLLLNAGRFNAGLLVKIIKEKYPQIELPDVKEEVISLATIDDSKTRKILGFDYYSLEQSVYDSVKQIIDARK,1,0.0,0.0,0.0,,5.0,0.0,100.0,0.0,2.3,-97.6,4.4,0.0,100.0,48.1
Ort-RDM-23_10,CCE39733,MTAKVIVSGGTGFIAQHILKQLLNHNYNVVTTVRSQAKGDHLLKLFNSPSSLSYEIVEDVGKPGAFDQVLEKNQDATVFLHTASPFHYKATDVAKELLEPAVEGTKNALKAIQKYGKNIKNVVITSSFAAVGSADKTTDPKVVFTEQDWNDITWDEAVKNVVNGYRGSKTFAERAAWDFIKENDSPFKLTTVNPGFTFGPQLFTSEIKDQLNTSSEVINSIVKLKPNDPIPTFKGNWIDVRDVAKAHVVAFENPKAAGQRLILAAGTFTEQSIVDLINAKFPNLNLPKGEPGADLKIKKEGLASVDNSKTKEILGYEFIDLDKSVTDSVQQILDAKKSKSGAL,1,0.0,0.0,0.0,,3.7,0.0,100.0,0.0,0.3,-83.8,4.8,0.0,100.0,48.8
Ort-RDM-23_11,EER30950,MTTVIVSGATGFIAQHVVKLLLSKNYQVIGTVRSQSKGEGLLKLFNNPTNLKFEIVEDVGSEGAFDNVLKSHPEATIFLHLASPFHFNATDIEKELLLPAVNGTKNVLEAIYKYGINIEKVVITSSYAAIATASKEANNKEIITEESWNEITWDQALINPVQGYRGSKTFAEKSAWDFIKNHQDTIKFKISFINPSFVFGPQAFPIIDNNKNLNTSSEIINKLLKLNPNSEIPPTKGGWIDVRDVAKAHVLAFEKDSTENKRLLVNSGRFSAISLIRLIHKTISSIKSSFNFR,1,0.0,0.0,0.0,,0.0,0.0,,0.0,0.2,-84.7,0.2,0.2,-17.7,
Ort-RDM-23_12,EDK46659,MPAKIILSGATGFIAQHILSELLQQNYTVVATVRSKAKGDHLLKLFSSPSNLSYVVVEDVAKPHAFDEVLRENEDATVFIHTASPFHFKATDIAKELLEPAVEGTKNALTAIQKYGKNIKDVVITSSFAAIGTASVVADPKAILSEADWNEVTQEEAVANPVNGYRASKTFAERAAWDFIRDNSSGFELTTVNPTFVFGPQLFASEVKDNLNTSSEVINSLTKLKSGDKIPPFKGGWIDVRDVAKAHLVAFENPEAKGQRLLLNAGQFTEQSIIDIVKEKFPEELKDVPTGEPGSGPTVVAETLASIDNSKTKQILGFEFITLGKSIIDSVQQIIDAKKHKVE,1,0.0,0.0,0.0,,4.6,0.0,100.0,0.0,1.8,-97.5,4.2,0.1,94.1,43.1
Ort-EZM-6_1,KGT67521,MSSSTTVFVSGASGFIAQTLVKQLIEKGYKVVGTVRSNEKGDSLKENLKAAKLQSENFTYEIVKDIAVKGAFDDALKKHPEVTVFLHTASPFHFNVTDIEKELLTPAVEGTNNALQAIKTHGPQIKRVVVTSSYAAVGRFADLADPSIPATEESWNPITWEQSLSNPLAGYVGSKKFAEKAAWDFVEKEKPNFTLSVINPVYVFGPQAFEIKNKSQLNTSSEIINGLLNSKPDSKFDNLTGYFIDVRDVAKAHIVAFEKDSIQGQRLILAESPFSTQSILDLIRKDFPQLDSQLPKGDPSQADAWKKAESKIENEKTRELLGFKFIDFKKSIDDSVAQIIG,1,0.0,0.0,0.0,,1.5,2.9,-31.1,0.1,2.5,-92.3,0.0,0.0,,
Ort-EZM-6_2,KGT70745,MSVSKSATTVFVSGASGFIAQNVIKQLLANGYKVIGSVRSESKGKELTDIIQSNDFQFAAIPDISAVGAFDDVLKSNSQISVFIHTASPVTYSAKDVQNELIKPAVEGTRNALNAIKSYGPQIKRVVVTSSFTAIASGKDFDHDKYYTEKDWNPVTIEQALSNPEAAYAYAKKMAEKTVWDFVETESPTFKVTVVNPTVVFGPQAFGVKDKSKLNLSIEMINDILTLKPDDEIPPYASRCIDVRDVAKAHLVAFEKEEAINQRLVLINQPFSNDLLAYIIKKSFPVINIPEGNLERSRECIAKSCIKTDLTKTQEILGFDYVPVEKTILDTIQQLYDA,1,0.0,0.0,0.0,,5.5,0.0,100.0,0.0,2.6,-100.0,0.0,0.0,,
Ort-EZM-6_3,CAX41646,MSSSTTVFVSGASGFVAQTLVKQLIEKDYKVVGTVRSNEKGDSLKENLKAAKLASENFTYEIVKDISVKGAFDDALKKHPEVTVFLHTASPFHFNITDIEKELLTPAVEGTNNALQAIKTYGPQVKRVVVTSSYAAIGRFGDLADPSIPANEESWNPITWEQSLADPLSGYVASKKFAEKAAWDFVEKEKPNFTLSVINPVYIFGPQAFEIKNKSQLNTSSEIINGLLNSKPNDTFTNLTGYFIDVRDVAKAHIVAFEKDSIQGKRLILAESPFTTQSILDLIHKDFPQLNSKLPKGDPSQADAWKKGESRIDNEKTRELLGFKFIDFKKSIDDSVVQIIG,1,0.0,0.0,0.0,,0.5,3.6,-73.5,0.3,2.3,-76.2,0.0,0.0,,
Ort-EZM-6_4,EMG50750,MTSTSVFVSGASGFIAQELVKQLIKKGYNVVGTVRSTEKGESLKSNLKDAGLASENFEFEIVKDIAVKGAFDEALEKHPEVTVFLHTASPFHFNVTDIEKELLIPAVEGTKNALTAIKAHGPQIKKVVVTSSYAAIGSFLEYSDPSKTRTEDDWNVATYEQSKANAIHGYLGSKKYAELAAWDFVKEEKPNFTLSTVNPVYVFGPQAFEIKDKSQLNTSSELINGVLKLKPTDTVTNELTGYFIDVRDVAHAHIVAFEKKEAEGKRLLLAESPFSTQSILKQIREDFPQLREELPKGDPAEAEYWKKTESPIDNQKTKDILGFKFIDFKKSVDDSVAQIIA,1,0.0,0.0,0.0,,0.0,4.4,-100.0,2.9,0.0,100.0,0.0,0.0,,
Ort-EZM-6_5,CCE40009,MSSETVVFVSGATGFIAQQIVKTVLEAGYKTIGSVRSEEKGKYLKSLIESAGLNSNLFNYVIVKDIGAKGAFNEALQAHPEVTVFLHTASPATFEIHDVEKELLKPAIEGTINALNAVTVYGKNVQRVVITSSYAAVAGFANLATPGKEVNEESWNPITYEQALENPFLGYIGSKKLAEKTVWNYIEEKKPKWDVTFVNPAFVLGPQAFAVRDKSKLNASNEIINSLLTANKTKVEPQQFVGYFIDVRDVAKAHLIAFEKNETVGQRLLLANAPFSSAGILDIIEKDFPNLKSELPKLDKSKSPKFEETESVVNNEKTRRILGFKFIDLKKSVDDTIKQLV,1,0.0,0.0,0.0,,4.8,0.0,100.0,3.2,0.0,100.0,0.0,0.0,,
Ort-EZM-6_6,CCE41438,MSSENVVFISGATGFIAQHIVKFLLEAGYKTIGSVRSEEKGKHLKSLLKSAGLKSDLFSYVVVEDIGAKGAFDEALKANPDVTVFLHTASPFTFEVHDVEKDLLKPAIEGTTNALNAIKVYGKNVKRVVVTSSYAAITGFADSATPGKEVNEDSWNPITYEQALANPFTGYVGSKKLAEKVVWNFVDEQKPNWEVTVINPVYVFGPQTFEVKDKSKLNTSNEVINNILISGKKKEEPQQYVGYFIDVRDVAKAHIVAFEKKEAAGQRLFLEEASFTTAEIYNIIEKDFPQLKSELPKLDESKAPKFEDTESVINNEKTRKILGFKFIDLRKTIDDTIAQLV,1,0.0,0.0,0.0,,2.4,1.9,10.9,0.0,2.7,-100.0,0.0,0.0,,
Ort-EZM-6_7,EER35024,MATTTTVFVTGATGFIAQHIVIELLKNGYKVIGTVRSESKGDSLISNLKQYNIPNQENFKYEIVADISKPDAFDNALKSNQDISVFIHTASPFHFKAKDIKKELLEPAIEGTKNALNSIVNFAPEVKRVVITSSIAAVQTFGKLSNPNDVHNEESWDKISFEESCTDPFLGYIGSKKFAEKEAWDFINSNNVNFSLSVVNPAAVFGPQAFPITSSRELNTSSEEINKLLKLKPDDKVPDDKGAFIDVRDVAKAHLVAFEKDDAKGKRLLLVSGPYNSQAIINIVRNDFKSLDLVLPEGNPESGKLPIHSDRWDNEKTKKILGFDFIHLDECIHDSVQQILGDSLP,1,0.0,0.0,0.0,,4.4,0.0,100.0,2.8,0.0,100.0,0.0,0.0,,
Ort-EZM-6_8,EER35045,MSSTSVFVSGASGYIAQELVKQLIQKNYKVVGTVRSNEKGDSLKENLKAAGLQSENFSYEIVKDIAVEGAFDEALKAHPEVTIFLHTASPFHFNVTDVEKELLLPAINGTKNALQAIKTYGPQIKHVVVTSSYAAIGAFFDLADPSKSKDESDWNPINYEQAKSNPHSGYVGSKKFAEQEAWEFLKNEKPNFTLSTVNPVYVFGPQAFEIKDRSQLNTSAEIVNSVLKLNKDSQVSPNLTGYFIDVRDVAKAHISSFENKEIIGKRLLLACSAFSTQSVLDIIRNDFPTLKEILPVGDPSQADDWKKLESEIKNDKTKELLGFEFIDFKKSVDDTVSQIIA,1,0.0,0.0,0.0,,2.4,2.1,6.0,1.8,1.0,31.0,0.0,0.0,,
Ort-EZM-6_9,EMG50561,MSSLTTVFVSGGTGFIAQHIVKQLLKRHYRVIASVRSRAKGEKLRDNLQSENFSTTNFLFEIVPDIGIKGAFDDVLKANSDISVFLHTASPVTFDVTDIKKDLLDPAIEGTRNALEAISKYGPQIKRVVITSSIAAIQTFGRFAKEGESFDENSWNPISYEESLESPMYGYAGSKTFAEKTAWEYVSKNKPNFTLSVINPAMVFGPQAFPITNKAALNHSSQAISKLLELKPNDPVPEGKGAFVDVRDVAHAHIVAFERDDAQGKRLILLTGPYNNQAIVNITREDFPTLDLILPRGDPEKGELHDISKRWNNEATKKILGFEFIGLEKSVHDSVQQILGDSL,1,0.0,0.0,0.0,,4.6,0.0,100.0,0.0,2.7,-100.0,0.0,0.0,,
Ort-EZM-6_10,ODV65262,MAPLNPHPNHAIANYSVLVTGLTGYIAQHLVKLLIAKGYKVIGQVRSKEKGERLKSNLGSDSFSYEVIQGLEVKGALDPILQKRKDIRAIFHTASPVLFESKDVYNEVFVPAVEGTKNVLESIYLHAPQVKKLVVTSSLAALASYDQNMDPNFIIDETNYNNTTMEETLKNGSNGYYGAKTFAERAVWDFKRNKYPNFEVTMIMPSYTIGPQAFDSEVNGNQLNTTAQWVADLLKLKPEDPIPGFLDSQIDVRDIARAHVVALENPNTNGKRYFMRLSRTNMQQILDIIHKHFPKEFGHLPKGKPITDYYNEIFVKAAYIDDTETRKIMDFDYISLEQTIIDTINQILRTK,1,0.0,0.0,0.0,,0.0,4.2,-100.0,0.0,0.1,-100.0,0.0,0.0,,
Ort-EZM-6_11,KGT70854,MSGETVFVTGATGYIAQHIIKQLLSKGYSVIGSVRSQSKGEQLKELITAHHQDTTGDAKFDYVIVESLIEPGAFDSILQNHKEVGVFIHSASPIPFATDNVEKDILQPAIDGTKNVLTSIKKYGNENIKKLVITSSIAAVEPLGTGQTEPKTISEKDWNPITFEQGLANPAVAYYASKTLAEREVWKFVDENKNQLNFDVAVINPSFVFGPQAFGIKDKSAALRSTGEIINSVLKLKSNDPIPSLVASFIDVRDVARAHIIAFEDDDAIGQRLILDNEIFTKELIAHLIKKNFPSLDIPEGDIVKSEEEIANYPWRVDSTKTEKILGFKYISLDKSVVDTVNQLI,1,0.0,0.0,0.0,,4.6,0.0,100.0,3.4,0.0,100.0,0.0,0.0,,
Ort-EZM-6_12,ODV67907,MTASTTVFVSGATGFIAKHVVKDLIKKNYNVVGSVRSSEKGDHLAEQLNSDKFCYEVVADISVPGAFDQCLKNHPEITVFLHTASPFHFYTDNVENDLLKPAIEGTHNALNAIKKYGPQIERVVITSSVAAMASFEQLSNPNHVVNENSWNEINWEKAISNPFDGYFGSKTFAEKAAWDFVKTEKPNFILSTVNPSYVFGPQAFDEDAKGTLGTSAEVITGLLRLRKEEDIPNQRATFIDVRDVSNAHIVAFESDDAKEKRLVLIAAKEFSSQELLDIIHSNFDQFSEVPVGKPGTKSGQDGCIMDTKETLNILKTEFIGLEKSVVDSIQQYSNANN,1,0.0,0.0,0.0,,5.9,0.0,100.0,0.0,0.2,-100.0,0.0,0.0,,
Ort-EZM-20_1,CAX43883,MSGETVFITGATGYIAQHIIKQLLSKGYSVIGSVRSHTKGEQLKELITAHHQDSTGTAKFDYVIVESLTSFGAFDSILQNHKEISIFIHTASPIPFPTDNIERDILNPAIDGTKNVLQSIKKYGNDNIKRVVITSSIAAIKPFGDEQTELKIISEKDWNPITFEQGLDNPIIAYYASKTLAEREVWKFIDEQSGNDNQINFKLAVVNPSFVFGPQAFGIKDKSAVLRSSAEIVNSILKLKSNDSIPSFVASFIDARDVAKAHILAFENNNTIGQRLLLNNEIFTKELIAHLIKKNFPSLDIPEGDVVKSEEQIANYPWRVDSTKTEKILGFEYIPLEKSIIDTVNQLI,1,0.0,0.0,0.0,,5.5,0.0,100.0,3.1,0.0,100.0,0.0,0.0,,
Ort-EZM-20_2,CCE40418,MSIFVSGATGFIAQNIVKQLLQANYKVIGSVRSTEKGETLSNNIKGSQLPVGNFKYEVVKDIAADGAFDNALDLHPEVEVFIHTASPVKFDVEDIKRDLLDPAIYGTTNALKAIQKHGKNIRKVVVTSSLAAVAGSRTVLKEGESVTEQNWNPVTWEESLHEVSDGYAGSKKFAEETVWKFVKDESPKFTVTTILPGVVFGPQAFPDFDRDGLNYSSQVINELLKLKPSDKIPQEAGLFVDVRDCAKAHIVAFVKEDAANKRLFAVAGRYNNQEVVDIIRSNFDELDQILPKGNPEDAKKYSPRSNRYDQSVTRSVLDYKFIGLEKSVVDTVAQLLD,1,0.0,0.0,0.0,,5.1,0.0,100.0,0.0,2.6,-100.0,0.0,0.0,,
Ort-EZM-20_3,EER35026,MPVVTVFVSGASGFIAQELIKQLIAKNYHVVGSVRSPQKGDSLKDYLKSAGLKSDNFSYEVVKDIAVECAFDEALKKHPEVTVFLHTASPFHFRAKDIENEMLIPAINGTTNALKAIVKYGPQIKHVVVTSSVVAVGKYGKYAGANDKFNETDWNPIDYETSKKNPFYGYFGSKKFAEKSAWEFINTEKPNFKLSTVNPAMVLGPQAFPITSTRELNTSSEEINSLLKLKPGDKINSLEGTYIDVRDVARAHIVAFENDDAKGKRLLLVAEMYNGYDLLDIVNKNFPQLNLPKGDSSKGITGKVDKWNTKATKKILEFEYIGLERSVVDSVKQILDTKSGSSKL,1,0.0,0.0,0.0,,4.2,0.0,100.0,0.0,0.2,-100.0,0.0,0.0,,
Ort-EZM-20_4,EGW34746,MTSTSVFVSGANGYIAQHVVKQLLAKGYSVVGSVRSEAKGEELKSLINNDKFSYEVVPSLTEKGAFDDAIKKHPEVTVFLHTASPVSFSIKDIENDLVKPAIEGTVNALSAIKNYGPQITRVVVTSSAVSILGFGPYFDSDKIYNEDDWNPITYEEGLTNPHFGYFSSKKFAELAANDFVAKENPKFNISFVQPVYVFGPQAYAVKDKANLNFSSEIVNRVVKLSKDDKIPEEAAEFIDVRDVARAHIIAFESDEAISKRLFLAAETYTLDSIADIINRRFPQSTVPKADLSKNAEILKTAHKIDNSRTRKILGFEFKTLEESVYDTVEQINNA,1,0.0,0.0,0.0,,6.1,0.0,100.0,0.0,2.9,-100.0,0.0,0.0,,
Ort-EZM-20_5,EGW35041,MTSTSVFVSGANGYVAQHVVKQLLAKGYSVVGSVRSVAKGDQLKATINNDKFTYEIVPSLTDKEAFGEALKKHPEVTVFLHTASPVNFSPEDIENDTIKPAIEGTVNALNAIKEHGPQIKRVVITSSGVTMWGFGPYFDESKVYNEDDWNPITYEEGLSNAWFGYFASKKYAELAANDFVAKEKPNFDLSIVHPTFVFGPQAYGIQDKSSLNHSSELINSVVKLGKDDKIPEEGSVFIDVRDVARAHLVAFESDAAIGQRLLLGAEDWTKDLIADIINRQSSKLKRLFTSMTTQELEKFLGLISNPLKILSMISLNNSIMLK,0,,,,,,,,,,,,,,
Ort-EZM-20_6,EGW35463,MTSTTVFVSGANGFIAQHIVKQLLAKGYTVIGSVRSHEKGEQLKQLINNDQFSYEIVSSLTDKDAFVDVLKKHPEITIFLHAASPVSFSVEDIENDLLKPAIEGTTNALNAIKEYGPQIKKVVLTASAVNIFGFGPHFDADQVYSEDVWNPITYEESLANGFFGYLGSKKYAELAARDFVAKEKVNFDISFVNPPYVFGPQAYAVKDKANLNLSNEVVNSVVKLTKGDSIPAEGSVFVDVRDVARAHIVAFENDAAASQRLFTASSRYTLDTIANIINKKFPDTTVPKGDESRNEEIYKSIHKFDNAKTNKILGFEYITLEESVSDIVDQIYNV,1,0.0,0.0,0.0,,6.1,0.0,100.0,0.0,2.7,-100.0,0.0,0.0,,
Ort-EZM-20_7,EGW35479,MTGTTVFVSGANGYIAQHIVKQLLAKGYSVVGSVRSSSKGEELKNLVKSDKFSYEIVPALGDKGAFDNALKKHPEVTVFLHTASPVSFSVNDIEKDLLRPAIDGTVNALQAIKDHGPQIKKVVITSSAVANLGWDKYFDGNKIYTEEDWNPITYQESLENAASGYYGSKKFAELAALDFIEKEKPNFAVSFVNPVYVFGPQAYAIKDKAQLNLSAEVINGVAKLGKNDKIAPFGSHFVDVRDVARAHLVAFENEEAISKRLIVASSGFTLDSIAHIINEHFPNSTVPKGDLSRNPEISKTNIQKVDSSKSNKILGFDLIPLEKSVVDTVQQIYSV,1,0.0,0.0,0.0,,5.6,0.0,100.0,1.0,1.7,-23.2,0.0,0.0,,
Ort-EZM-20_8,EGW33854,MIDMGINTASVMVFVSGANGYIAQHVVKQLLAKGYTVVGSVRSESKGDELKLLIQNEKFSYEVIPTLSDKNAFDAALKKHPEVTVFLHTASPVSFAIEDVENDLVKPAIEGTLNALRSIKEHAPQITRVVITSSAVAMWGFGSHFDGNKVHDELDWSPITYEEGLAGASFGYKSSKKYAELAAHDFMTKEKPNFAITYVHPTYTFGPQAYVVKDKKNLNLSNEIVNQVIKLGKDDEIPEHGNVFADVRDVAQAHIVAFESDEAIGQRLLLASGDFTLDSVAEIINRRFPHSNVPRGDVSRNEEIKKKMIHKYDNSKTRKILGFEFKTLEESIYDMVEQLDNA,1,0.0,0.0,0.0,,2.1,1.9,3.7,1.9,0.9,38.5,0.0,0.0,,
Ort-EZM-20_9,EGW32862,MSTTSVFVSGANGFIAQHIVKQLLSKGYNVVGSVRSEAKGEELKSLVNNDKFSYEIVPSLTEDGAFDDALKKHPEVTVFLHTASPFSFSVKDVENDLMKPAVSGTLNALKAIKEHGPQIKRVVVTSSAVAVFGFGPQFDANKVYNEDDWNPVTYEQALSNPMFGYFGSKKYAEKAAHDFVAKETVNFGISFINPPYVFGPQAYAIKDKTTLNTSNEVINKVVKLTKNDVLPAEGHVFVDVRDVARAHLVAFEKDEAVSKRLLLVSGSYTLDTIANIINKKFPQTTVPKGDESRNPETSKRIHKFDNSRTQKILGFEFKPLEESIIDTVDQIYNA,1,0.0,0.0,0.0,,6.2,0.0,100.0,0.0,2.6,-100.0,0.0,0.0,,
Ort-EZM-20_10,EGW32253,MTSTSVFVSGANGFIAQHVVKELLSKGYTVIGSVRSEAKGEELKSLVKNDNFSYEIVASLTEEGAFDEVLKKHPEVTVFLHTASPFSFSVEDVEKDLMKPAINGTLNALNAIKKYGPQIKKVVITASAVANFGFGPHFDAEKVYNEDDWNPITYKESLENSFFGYFGSKKYAELAVHDFMAKETVNFDISFINPPYVFGPQAYVVKDKANLNLSNEVINRVVKLSKDDTIPAEGSVFVDVRDVARAHLVAFENDETVNKRLLTIAGRYTLDTIANIINRYFPSTTVPKGDESRNDEIYKNVHKYDNSRTNKLLGFEYTSLADTIFDTVEQIYNA,1,0.0,0.0,0.0,,5.7,0.0,100.0,0.5,2.2,-61.4,0.0,0.0,,
Ort-EZM-20_11,EGW32291,MTSTTTIFVSGANGYIAQHIVKQLLEQGHTVVGSVRSANKGEYLKELTQSNKFSYEVVSDISAPGAFDDALKKHPDVTVFIHTASPVTFQADDIERDIILPAIQGTKNALTAIKTYAPQVGRVVITSSLGAVFGFDEYFEKDKVYDEDSWNPIKYKESLLNARNGYYGSKKFAELAAVEFVENEKPKFAISFVNPSFVFGPQAYAIKDKNQLNLSAEVVNKVLKLKPTDNIPVFAGRFVDVRDVARAHLIAFEKDEAINKRLLMITSLASNEQIAYYINRHFPELPIPRGDLKKSEEQLKGSHKYDNSRTKALVGFDFISLEDSVVDSVQQVLDTK,1,0.0,0.0,0.0,,5.5,0.0,100.0,0.4,2.0,-63.3,0.0,0.0,,
Ort-EZM-20_12,CCG22283,MTVIVTGATGYIAQHIIKELLKENCNVIGTVRSESKGEYLSSLINSPYFTYAVVPNIIAEGAFDQLLTENNDVDCFIHAASPVDFQAKDIQNELLRPAIEGTKNVLHAIEKYGNVKNIIVTSSTAAVRDSSGNRDPEKWINESTWNKITLEQGLVSARLGYDVAKTFAEKEVLKFADKNKGIFNITTVNPTFVFGPQAYEVKCKEKLNESAEIVNRVLKSNPADEIPLHVGRFIDVRDVAKAHVEAMKRPEEFDGKRLILLHAGCTNELIASIINKHFPNVNIPKGSLEKHEEQMKTGDMKWDNSETKALLGFEFMCVEDSNIETVKQILDAK,0,,,,,,,,,,,,,,