ID,refined,homolog_id,sequence,organism,annotated_function,solubly_expressed,1b,2b (R),2b (S),ee 2b (%),3b (R),3b (S),ee 3b (%),4b (R),4b (S),ee 4b (%),5b (R),5b (S),ee 5b (%),melting_temperature
Ssal-KRED,0,Q9UUN9,MAKIDNAVLPEGSLVLVTGANGFVASHVVEQLLEHGYKVRGTARSASKLANLQKRWDAKYPGRFETAVVEDMLKQGAYDEVIKGAAGVAHIASVVSFSNKYDEVVTPAIGGTLNALRAAAATPSVKRFVLTSSTVSALIPKPNVEGIYLDEKSWNLESIDKAKTLPESDPQKSLWVYAASKTEAELAAWKFMDENKPHFTLNAVLPNYTIGTIFDPETQSGSTSGWMMSLFNGEVSPALALMPPQYYVSAVDIGLLHLGCLVLPQIERRRVYGTAGTFDWNTVLATFRKLYPSKTFPADFPDQGQDLSKFDTAPSLEILKSLGRPGWRSIEESIKDLVGSETA,Sporobolomyces salmonicolor,Aldehyde reductase 2,1,1,4.05,3.15,12.5,5.03,0,100,2.22,0.21,82.71604938,0,5.37,-100,59.7
Ort-RDM-1,0,PWN99435,MSNAPIAPGSLVLVTGGTGFIGSHVVRTFLHDGFRVRLPARTQEKGDKFVKHFSEYADKLEVVVIPDALREGAYDEAVKGVAGIAHLATAIDIQSTDYDAVVPPSIAGTVGVLQSALKYGPTVQRVAICSSSGASGQPNPVPRAKFEADPSIAQKLDASTWNDKSIETIEAQRKNGKVTDGFQLYYVSKVLAERAAHDFIKNEKPNFTISMILPNANFGDMIPCATGTSTGGWSQAVADGQDMNQIDPQWFVNVDDTARLHVQALVSPDIKQGERIWAVSERFTWNDIAAEVKKNKPEANVVTVEGDKDRVDASDIDASRAQELLKEFGGFQGLAVTVRQGLGLEKPRI,Tilletiopsis washingtonensis,NAD(P)-binding protein,1,0.3,1.3,0,100,2,2.4,-10,2.4,0,100,0.3,4.7,-86.6,31.1
Ort-RDM-2,0,ORY53991,MSPSVLPAGSTVLVTGANGLVASHTIEQILKAGYKVRGTARSAEKLAGLKKRWDSEYGVDKFEIAVVEDLLADGALDEALKGVSGVAHIASVVNFGIKREDVVIPTVNMTLNVLKSAAKFPEVKRVVLTSSSAAALIAQPGVPGITADETTWNETAVALSKALPEEFDHTTKAFIVYSASKAEGERAAWDFMAENKASGPSFEFNAVLPNLVMGKILDEESQHGSTSGWIRDYFLGKNEFVKALPAQYYVNAEDTGLIHLGALTLPDVAGQRLWAAAAPYNLDDMLAAFRKLYPSRTFPDDVQSSRDLSVIDHSKGEAVLKALGRQGWQSLEASIEQLVGRE,Leucosporidium creatinivorum,aldehyde reductase 2,0,,,,,,,,,,,,,,
Ort-RDM-3,0,KIM80149,MSTPDKVIPKGSLVLVTGANGFIGTHVVEAFLVAGYKVRGTVRSVNKILALQSRWEKKYGVGTFEVAVVEDYTKDGAFDDAMKGVSGVAHAAGDLSFSPVPSEVIDPMVKNVILVLKAATAQPTIKHFVLTSSSYACFFPRPNVELDVGEHMWNEESVEKAYSLAETDPLKPWHVYAASKVLIEKAAWKFMKEEQPAFSMNTIMPNATFGPILDLAQVTSTAGMLKGLFEGNWAAFSGILPQWCVDVRDVGRLHVLAMTSPSLSAGGVRIYTAAEPFNTNDVLQLLRKLYPKKTFLPDVEGLGRDITRVDNKRGGALLGGWIKFEESIKANTENL,Piloderma croceum F 1598,hypothetical protein,0,,,,,,,,,,,,,,
Ort-RDM-4,0,PYH81298,MSRFIDHSRDLAIPLGSLVLVTGISGMIAIHIADEALRAGFRVRGTVRTAARAHEVRSLLPSPDLEIVLVPEMGAQGAYNAALTGVSAVIHCASITNFSPDAESVIPTTVNALVGLLEGALLHPSVKRVVFTSTSGAASKPRPGVQFAIDRDSWNQEAVELVEREVSEDERSKMGFEWGYQVYVASKVKAERAAWRFVAERNPPFVVNVINPAMNWGKVMGSMGISGLHVQTILNGQIPPIPSVYMVDTIDDARIHVAAAIDVTVASERIFACDEPFTWGRVVDIIRRVLPDAMLPRADPDQLVDLSTVDNTLGARLLTKWWGQAGYKGLDQTIRETVEMCLERGSYSR,Aspergillus uvarum CBS 121591,NAD(P)-binding protein,0,,,,,,,,,,,,,,
Ort-RDM-5,0,ODN75553,MTPIAKGDLVLITGASGFVAAHITEELLRSGYRVRGTVRSAAKGEYLKKLYPGQPFEYVIIKDVEQDGALDEAVKGIDAAIHSASPCTTTGTVAEELIGPAVKGTTELLYALQKYAPGAKAVVLTSSTAAIQNFRGPENPVPWHETSADWNVLSEPYIENNPPSDPMWGTHAYMASKIKAEQAFWEFMKVHKPTWQGTVINPPWIFGPVLHDFKDVASLNLSCKLFWDWVSGEKGEKDLPGPIVGGWVDVRDVAIAHVRALERPQAASQRYIVCGGRLAGQHWVDVLHAHYPGHPLIKKNTPVGVKGSGDEAIKVLNTHDQVTAQEALGLEYTSLEQSTKDMFETIAKKLGVFEDAPV,Cryptococcus amylolentus CBS 6039,hypothetical protein,0,,,,,,,,,,,,,,
Ort-RDM-6,0,KNG79871,MPQATVTLPAGSLILVTGANGFIASHIVDQFLQRGYRVRGTVRSRKPWLDDYFTTRHGAGHFESALLPDLRNVDVLDRLLDGVAGVVHVASDVSMSPDPEIITKSVASTLSVLEVAARHDSVTQVVLTSSAFAASFLQPGQPGVNIDSSTWNDGAVKSARDRSVPEAQKPILVYAASKTESEREAWKWVKQNNPGFGFNTVLPAMVFGKILHPEIGGSTMAFVRNLLSGNRAGIDDIPPQWFVDVEDTARLHVAALLDGRVKSERLFAFATPYTWTDIVDILRKAFPLNSSIPQAPENEGRNFIQVGPSVRAENLIKEFWGRDGWTSLRESTLAELGTLKGLR,Aspergillus nomiae NRRL 13137,cinnamoyl-CoA reductase,0,,,,,,,,,,,,,,
Ort-RDM-7,0,KZT58659,MAPLAPGSHSLIVVVGITGYIASQTGLQALKAGYRVRGTVRNKAKAEELRAAYAKEGADVSPENLEFVDLDDLLSEAQFEAAFTGADGVIHPALPDLTGEDAVNEIIQSTLIPLRAATKAGIKRFVLTGTLVSVITPGPKVPTDRLITDKDWNDEAVEAWKNASEETKKSPAFVGLKYMAGKVLGERAGWKYMETESPPFEFTVVLPAQTWGPKVYGTTSTSLGWLAGLLNNDATGALTRSPIYVEDVRDAAKLHILSLYEPETAGRRIWAAGHPVGWHQVLEILRKHFPNEAIPKDPPASPLDPCPWRIDMALEVKLLGGKWIDLETCMVDAAKSLGYTDAI,Calocera cornea HHB12733,NAD(P)-binding protein,0,,,,,,,,,,,,,,
Ort-RDM-8,0,GBF63150,MAFTDSDLVVVTGANGHVAQHVISQLLSSHTPVRIRGTVRSSMVAQKLYAAFRPFVSGGRLEIAIVPDLTVDGAFDDALQGATYVAHIASPLNISPENVENDLLIPAIKGNICILESIMKQTGVKAVVITSSFVAAFDARHGFREGYTYSSADWNPISYDEAADPRHDMSQYPEMWRPWITYMASRTLAEKAAWDFYRKHQPTWALSTLLPSFIGGPFVLPLTKGADSLTFSTGLIWRTALGGEPLFHNDFPHWVDVRDVAKAHIQALIIPAAWGRRLMLGPWPLLFSDIARIVQKHYPDMNSTRENQQVTAVA,Trichophyton mentagrophytes,oxidoreductase,0,,,,,,,,,,,,,,
Ort-RDM-9,0,ORY92490,MSNDIPPLMLITGSSGFVGSEIAFQALKQGLAVRLVFRKPSQAEAWEAAYGEYKERTETVVVQDFAVPGAFDEAVKGVSFIAHAATPINFHPKDNKRDVLDPAIDGLLGLLKSAQKAPSVKAFVYTSSIAAYADLTKPFAKNEVLTEKHFVPFTYDQAAAFPPEDGFFTYSASKELSEKPGQEFMNREKPSFTFTTIAPTLVLGEDHQVPLTWEMGKSVSSLAWAFGAIESKKYPSSIGQSIDASQGSIPFVNVVDVARAHTLAAQTPIAAGKRYGMAAGYVTYEEIGRVAAEAVPDHAYCWPHTEGKQAEPLVHFESSTVEKDLGFKYIGLEETVASFARQMFSLPGAPPPAKAAAA,Leucosporidium creatinivorum,hypothetical protein,0,,,,,,,,,,,,,,
Ort-RDM-10,0,KJJ29487,MSSDDLVIPKGSLVVVTGANGFIGSHVVDQLLQHGYNVRGTVRNVAKNSWLNDYFSAKYGPGRFSLAEVPDMSHEGAFDEVVKGAAGIAHVATPVRQFHDPNIAVPMVVNGTVNVLASAAAEPLVRRVVITSSSTAAASPQPNKVFTMDEKTWNETAVKAAWAPPPYEGLQRRLDVYSATKTQAEQAAWKFMEDKKPDFVLNTVLPNVNMGTILSPENQGYPSSGGWVKAVWDGFPGEEGEKLKYNPPQYYINVQDDALVHVAALIYPDVQNERLFAFAHPYSWNDILDALRRLYPQQKFIDDIPNIGEDKSKVANQRAEELLKRVSGLPAWTSLEQSVHDATKA,Aspergillus flavus AF70,aldehyde reductase II,0,,,,,,,,,,,,,,
Ort-RDM-11,0,KIJ46908,MKEITLVTGASGYIGAQVADHLLKAGYALKFRSCRSTKAAELRRKCDSPDFEIVVVEDLIAGDFSNALKGISSIVHVASPLVNGSDHVNVAVNGTLNLLKQAYAMKVYKVVIVGSFGSMFTTVEETCDESRIFRESDWNTWTEEDSRQPGFRPFFLYTTSKALAERATWKFSESHPEMNITVLNPPFVYGPMAPRQVISGLDSTLSTNEMVYCLMAGHMAEYPPWHLPPQTVDVRDVAEAAVRSLSLPHSPGQIRRILLASGSFSWQEAVYHIGTIKPHLKHRLVNQGESCIPEPVTASKIDTSMAEKLLGMTCFIPWQKSIEDTVNCLLEEERRWT,Sphaerobolus stellatus SS14,hypothetical protein,0,,,,,,,,,,,,,,
Ort-RDM-12,0,CCC13794,MTETWFCICWCGGTGFIASHILDHLLECGFDVVVTARSQAKGERILASIANAPNVVSSVGCKVTYAVVDDIAQLGAFDEAIQSNAPIHYVIHTASPYQLSFSDPLNDCLLPAMNGTISLLTSLQQHASPSLARVVFTSSSAAILNPPNHRDVYDESSWPDDETLNWDIAKDPNAPGDTTYRASKKYAEKAAWKFMDEHKPSWDLATINNTYTFGPLPRSLEVKNGEELKVNTSNERIVDCLTGKWHDKIPPTAPVFTFVDVRDVAVAHVRAMTRPEAGGKRFYVVGGLFSNPRIASVIHGMSRANSIGYEGPQIEKGTDVEVCQDCLMYDDFPYNTHWSFDNTRSKEVLGLEYRKLGESVVDTVKSLKGMGIGMDVLRIDGHCQRTTQGIKVE,Sordaria macrospora k-hell,unnamed protein product,0,,,,,,,,,,,,,,
Ort-RDM-13,0,EGW31012,MSPTSVFVSGANGFVAQHVIKLLLAKGYAVVGSVRSATKGDELKELVKSDKFSYEIISELGDKPGFDAALKKHPEVTGFMHIASPVGFTATDIEKELIRPAVDGTVNALKAITEYAPQINKVVITGSVVSVFGFGPHFDGNKVYTEDDWNPITYEESLSNPMFGYFVSKKFAELAALEFIEKEKPNFDTSFVIPCYVFGPQAYGVKNKKKLNLSNEIINTVVKLGKDDKIESFGSVFVDVRDVARAHLVAFENKRAVPKRLLLISEKFSLDSIAHIINEKFPDSSVPKGDISKDVELEKSIQKFDNSKTKEILGFDFIPLEKTVEDTVTQVL,Spathaspora passalidarum NRRL Y-27907,hypothetical protein,0,,,,,,,,,,,,,,
Ort-RDM-14,0,EXU95441,MSNSGPLILITGGTGFIGNHTVAQFLSHGYRVRATARNKDSCSRLLAIHDKHRESIETHVITDITLPGAFDQAVKGVDGIVHMASPFTYSITDNEKDLIIPAINGTRRILESTVSFAPQVKRVVLTSSFASIVDFSQGLWPGHVYDETQWNPITFQAAKDDKRGLAYAGSKKLAEQAAWEFTKTTAGVNFSLATINPPMVYGPPFPGSANLRHLGQSASEIYALMNGSVTAVPPTTLPAFVDVRDVAKAHRLAFETDQPQRFLVSGGSFDMQQVCDLLRENIPKLKSRVPIGNPGHESVGEHYLIDCSKARNVLGIEFLPFSSTFLDMADTFMQLEELEKTPASV,Metarhizium robertsii,cinnamyl-alcohol dehydrogenase family protein,0,,,,,,,,,,,,,,
Ort-RDM-15,0,PMD38917,MASNHIVLVTGISGFLGSHVADQFLEAGYKVRGTAREVSKVDAIKKAFDSKYGEGRVEVVAVPDITVEGAFDEAVKGTHAVAHVASIMSFDKDPAKVIPPTVNATTSILNSCLSISSIKSFVYTSSSSAVSMPKPNVPCKYDSNSWNDDDVKAAWKPEPWDENHQWTVYAASKTEAEKALWKFRDEKRPHFTINSVLPATNFGPVITPDTVSSTANFVPMIYGGNVGALLGVLPQYYIDVRDTGRLHVAAVKFLEVENERLFGWVEPYNWNTVLTVLREIRPQHQFPENVPGLGEDMSKVSTVKEEELLRRLGRIGWIKLPQAVEDGLKSMSM,Hyaloscypha variabilis F,aldehyde reductase,0,,,,,,,,,,,,,,
Ort-RDM-16,0,EDK39148,MSTTVFVSGANGFIAQHIIKQLLEKNYKVIGSVRSQQKGEDLIKNFKSSNLSYEIIESLSKEGAFDKALENHPEVEVFLHTASPATFATEDLKNDLLLPAIDGTKNVLKSIKAHGKNVKKVVVTSSIVSIAKVTRGPTGTINEKEWNDITWDEGLQNGLTAYVASKTFAEKAAWEFVETNKPSWTLTTVNPVFVFGPQAFDSSVKGGMNLTSEILLSSLRLKPEDPLPETDGYFADVRDVARAHIAAFESPDAAGQRLLVNSEEFNFRKILDIINKKFPQLNVVKGSSEKVKLPYVLDSSASRKIIGDKFIDLETSVYDCVKQYVDNN,Meyerozyma guilliermondii ATCC 6260,hypothetical protein,1,1.6,3.7,4,-3.4,5.2,0,100,0.1,2.4,-91.3,3.1,2,21.4,46.8
Ort-RDM-17,0,KIY00742,MSSVPPGGLILVTGANSYVGSVAIQVFLQRDYRVRGTVRNVARHAWMTGHFGPRFELVEVSEISSPGAFDEAIKDVDGIAHLAMNMDMDPQNQAVIHDTIATNLHLLRSAAREPSVKSVVITSTSAACTLPTTGMPYKIDATTWNTAAIEHTSKPWNGEGNPRWHRILLYGAAKARGEQEAFAWVLQHKPRFSFNTVVPKVNFGTAVAPENMGYPRQILLKSVDERVVDADQVDNQRSVEVLKKMGKADGFTSVEDTLVKAVHTILENQCENVPKTRIDLFHESLASQSSDGT,Fonsecaea multimorphosa CBS 102226,hypothetical protein,0,,,,,,,,,,,,,,
Ort-RDM-18,0,EXF74267,MTKILLTGGSGFIAAHILEQLLARGHSVVTTVRSEDKAQRIRDAHKDLDASRLHVAIVPDIARPDAFDEVVKTPGLEAVLHTASPFHFKWTDAQKELIDPAVVGTTAILKALKRDAPGVKRVVVTSSFASVIDEAKTEDPNTIFTEEFWNPVTVEDIGRSPATAYRASKKLAEKAAWDFVKDEKPGFDLVTLTPPLVLGPVVHHFADLNSINTSNERVVDLVKGKWKDAVAPTGAAYLWIDVRDLALSHILALEKPEAGGKRLFTTAGWFSNAEIAAVVRKNFPELKDRLPAEGTKGGELPPKDKVYGYDNSATEKILGIKWKSLEESITDLVKDIKGFGI,Colletotrichum fioriniae PJ7,NAD dependent epimerase/dehydratase,1,0,0,0.2,-100,4.7,0,100,0,2.3,-100,3.1,2.1,19.6,45.6
Ort-RDM-19,0,ODN80031,MTPNSPLIAITGIEGFIATELVLLFLARGWHVRGSARTFTQAEKLKSLPAYEKYFASGQLEVVVVADVAKADFTELLEGADAVASLAAPIPKLGDPTITWSDFKRPTIDPVLRILDYAKKSTTIKSVAIMSSSGSSIRLDHQPNKVYTEDDGTPYTEEYCESPSAATHRLATVIWYYAAKKYAEEAVLKWQETEKPSFAISTFCPSMVYGPAHYIPSLANLKALTGSTDEFLNLFIGKDQPFPRQFSRSFVDVRDVAEAFYLGITKEASGKYLVSGHEYSWQEFADKLRGLRPDLDAYFPLGEPGTRIPEDWSMDSSKSKRALGIEYRSTEETLKGAIDFFEGLGLFKQAPLWAKAA,Cryptococcus amylolentus CBS 6039,hypothetical protein,0,,,,,,,,,,,,,,
Ort-RDM-20,0,KIW91465,MKVLLTGGSGFLAAHCLNELLKRGHDVVVTVRSDEKGHYLQELFKGKSVSYTIVKDIAVEGAFDEAVKADPPFEAVVHTASPFHFKVTDNKKDLLDPAIDGTTGILNAIHKSAKSVKHVVITSSFAALSNYRNPPAVYNEEIWNDMTMEEALAAPDPQAAYRASKKFAEKAAWDFVKTENPNFTLTSLNPPMIYGPVLHQVTSLEELNTSSLRILNLYRGTPRSGPVGSPIHVDVRDLALAHVLAIERPQAANQRFFVAAQMATEKQLREVMEDAFPEIKGNLRDELVDKLPLYGIDNKKSIQVLGITYRPLKETIVDAVESLKALGG,Cladophialophora bantiana CBS 173.52,hypothetical protein,1,0.1,0,0,,2.1,0,100,0,0.1,-100,0.7,2.9,-62.4,
Ort-RDM-21,0,KFA63262,MEQRIMITGITGYIGFQTLVLALSRGYRVRGIVRSDANVADLKTKSPLISSSHEEGRLDFAIIPDFLQPGALDSVLDGITAIVHLASPLAYGIDGDFENTVVKPAVSMVTVVLEAAAKVPSVRRIVITSSSVTLIPFEWNMSPNIEDINSDLEGPFEDAMSAYWASKALARAAARDFVKQHRPDFDIVQLLPSVVIGRDDRIPAGGDLDILLQGTRKAVLAPALDESLNSPFPYVGVPVHVADVARAHVDAVNTQRIPGNTEFILSSDTPEGVVWDRDIPCIARKYFPGKVQDGTLALQGSLPCVKFRLDGMTTESTFDWKFTSFQETMKGLIEQYIQLKEEA,Stachybotrys chlorohalonatus IBT 40285,hypothetical protein,0,,,,,,,,,,,,,,
Ort-RDM-22,0,OPB45484,MAGDLVLLTGATGFIGFRTLVLLLEAGYKVRAAVRNVAGFERIKALKSAAPYVSQIEHIVVPDITVPGAYDEAVKGVKYVVHVASPFSSPDLVQSDYESSFIQPAVKGTVGMLDSAITAESVKRVVITGSILSITGLAVYGPDVIVDENHRTAVTTGPFPSWIAAYAASKALALEATKEWMTKHNPPFDLITIEPVFVLGRDETAKDVDSLLRGPNATLIGPMTGKPQPIPLPCNPVHVDDVAFMHVRALDPSVPGNEDYLSCAHSLQRVKWDESFDIVKKHYPKECAEGIFKVDTAVRPKTLDKIVDTTKAEKAFGITFKSFEEQILSVTGQYLELIGQK,Trichoderma guizhouense,reductase,0,,,,,,,,,,,,,,
Ort-RDM-23,0,CCG24478,MTAKVIVSGGTGFIAQHILEQLLNHNYNIVTTVRSQAKGDHLLQLFNSPSTLSYEIVEDVGKPGAFDQVLQKNQDATVFLHTASPFHFKATDIAKELLEPAVEGTKNALKAIQKYGKNIKNVVITSSFAAVGTASKTTDPNYTFTEQDWNEIKWDEAVQNAVSGYRGSKTFAERAAWDFIKENDSQFSLTTVNPGFTFGPQLFTSEVKDQLNTSSEVINSILKLKPTDSIPTFRGTWVDVRDVAKAHVVAFENPKAKNERLILTAGSFTEQSIVDLINAKFPDLNLPKGEPGTDEQVIKEKLATVDNSKTRQILGFKFIDLGKSVIDSVQQILEAKKSRSGAL,Candida orthopsilosis Co 90-125,Gre2 protein,1,0.1,0,0,,5.5,0,100,0,2.4,-100,5.2,0,100,48
Ort-RDM-24,0,OAL74534,MAFADSDLIVVTGANGHVAQHVVSQLLSFHAPVRIRGTVRSSMVAQKLYAAFEPFVSSGRLEIVIVPDLTVDGAFDDATQGATHVAHIASPLNMAPENVENDLLIPAIKGNVCILESIMKQIGIKAVVITSSFVAAFDARHGFREGYTYSSADWNPISYDEAADPMHDMSQYPEMWRPWITYMASRKFAEKAAWDFYRKHQPTWALSTLLPSFIGGPFVLPLTKGTDGLTFSTGLIRRTALGGEPLFRNGFPYWVDVRDVAKAHIQALITPAAWGQRLMLGPWPLLFSDIARIVREHYPEMNPSREKKQQVHHYSIDSGSSLSILGIDSWISPEQMSIDLIKQLKWIGLGDAL,Trichophyton violaceum,hypothetical protein,0,,,,,,,,,,,,,,
Ort-EZM-1,0,ABN68180,MTTVFVSGANGFIGQHTVQQLLEAGYTVIGSVRSQEKGKKLSTALKSDKFSFVVIPNIADVGAFDKVLDDNKQITTFLHIASPFRFNVQDIEKEILIPAIEGTRNVLTSIKDHAPQVTKVVVTSSDAAARENDDKNPDLTLDESVWSKATYESSKHDPVAAYLGSKPLAEKLAWKFVEEEKPNFKLITVLPSYTFGPQIDDSLVLKDLNSSSKVFEEIITSNPDSQLYTHNGSFVDVRDAAKAHLVAFQNDEAIGKRLILSSNRFTSQTIRDILLKEFPQFKGQIFEGVPGEDIEDIKQMPVLNYSQTNNILGFKFRDIKTSSVDAVAQLLRVRDA,Scheffersomyces stipitis CBS 6054,2,1,0,0,0,,0.1,0.8,-70.5,0.5,0.1,72.9,0,3,-99.3,34.1
Ort-EZM-2,0,EJS41804,MSVFVSGANGFIAQHIVDLLLKEDYKVIGSARSQEKADGLIRAFGNNPNFSMEIVKDISKLDAFDHVFQKHGKDIKIVLHTASPFCFDVTDNERDLLIPALNGVKGILNSIKKYAANSVERVVLTSSFAAVFDITKESDKSVTFNEESWNPATWESCQCDAINAYCGSKKFAEKAAWDFLKENRDSVKFQLTAINPVYVFGPQMFAEDVKKHLNTSCEMVNNLMHLSPEDKIPEMFGGYIDVRDVAKAHLVAFQKNETIGQRLIISEARFTMQDILDVLNEDFPVLKGKIPVGKPATGATHNTLGATLDNTKSKKLLGFKFRNLKETIDDTASQILKFEGRL,Saccharomyces arboricola H-6,gre2p,1,0,0,4.3,-100,1.8,2.3,-10.2,1,1.2,-9.2,5.9,0,100,42.5
Ort-EZM-3,0,EMG50733,MTSTSVFVSGASGFIAQELVKQLIQKGYRVVGTVRSSEKGESLQKNLSAAGLPSDNFQYEIVKDIAVKGAFDNALEKHPEVTVFLHTASPFHFNVTDIEKELLIPAVEGTKNALNAIKAHGPQITKVVVTSSFAAIGDFGQYLDTSKTFSEDTWNGLTYEQAKGDPLSGYVGSKKFAEQTAWDFVKQEKPNFTLSTVNPVYVFGPQAFEIKDKSQLNTSSELINSVLKLKPTDEVANDYTGYFIDVRDVAHAHIVGFEKKEAEGQRLFLANTAFSYQTILNQVRDDFPQLDDKLPKGNPDDADKWKKTEAPIDNQKTRDILGFKFIDFKKSIDDSVAQIIA,Candida maltosa Xu316,putative oxidoreductase,1,0,0,6.3,-99.7,3.5,0.9,60.5,0.2,2.4,-83.2,6.1,0,100,37.6
Ort-EZM-4,0,EMG50559,MSTTVFITGATGYIAQHIVKQLLAKGYKVIGSVRSQEKGEDLQKLVESDDFQYVVVPNMTEPGAFDSVLKDYPEITVFIHTASPVTFISDDIKRDILHPAVDGTINVLAALKKYGDNIQRFVYTSSSVAVYPQGFGDTERRILTEKDFNPITIDQVHDAEGAYAAGKTFAEKAVWEFVEQESPKFKVSTVNPSYNFGPQAFEVKDKSQLNFSAEVINSVLKTKSNEELPPLAGDFIDVRDVARAHLAAFEKDEAIGQRLVLASEHFTNELIAHLIKQEFPDIDIPEGNVVKSEEQLQGLLWQLDTTKTEKILGFDYIPLDDSVVDTVEQILSVE,Candida maltosa Xu316,hypothetical protein,0,,,,,,,,,,,,,,
Ort-EZM-5,0,CCG22285,MSIFVSGATGFIAQHIVRQLIGANYKVIGSVRSNEKGERLLLNLEESQLQADNFQFEVVEDIGTEGAFDKALSSHPDVEVFIHTASPVKFDVNDIKKDLLDPAIYGTTNALKAIQKHGQNIKKVVVTSSLATVAGSRTVLKQGESVTEQNWNPVTWEEALKDVSDGYAGSKKFAEETVWQFVKNEIPRFTVTTILPGVVFGPQAFSNFDKDGLNYSSEVINKLLKLKPHNEVPQGAGLFVDVRDCAKAHIVAFQKDDAANKRLFAVAGRYNNQEVIDIIRSNFDELDQILPKGNPEDAKKYSPRSDRYDQSVTRSVLDFEFIGLEKSVVDTVTQLLDD,Candida orthopsilosis Co 90-125,hypothetical protein,1,0,0,2.5,-100,5.4,0,100,0,2.5,-98.4,2.9,1.8,23.4,
Ort-EZM-6,0,EER34926,MSSSTNSTTVFVSGASGYIAQEIIKQLIQKGYKVVGTVRSNDKGDSLKENLKAAGLPSENFSYEIVKDIAVKGAFDEALKAHPEVTVFLHTASPFHFNVSDIEKELLLPAIEGTKNALQAIKTYGPQIKHVVVTSSYVAVGSFFELTDPSQTITEKDWNPITYESAKEHPGKGYFGSKTFAERALWDFVEKEKPNFTVSTVNPAYVFGPQAFEIKNKSQLNTSVELINSVLKLDKDNNDFENQSGYFTDVRDVAKAHIVGFENEKAYGERLLLIEDGFTLQTILNQVRKDFPSLAEKLPVGNPENADNWKKVSHKIDNSKTRELLGYDFIDFKKSVDDTVAQIIA,Candida tropicalis MYA-3404,hypothetical protein,1,0,0,0,-100,6,0,100,0,2.6,-97.7,6,0,100,44.2
Ort-EZM-7,0,EEQ38647,MTQVFLSGANGFIGAQIAKHLVEKGYDVIGSVRSTEKGEKLKKQLGSAFTYEVVPSFLEEGAFDTALKKHPEVTAFLHSASPVIFQSDDPENDVLLPAIQGTLNALKSAHQYGPNIQKFIYTSSSAAMYDYRKRVNVTESSWNDVTYEEAKKNSGSLYGGSKTFAEKVAWEFIDKEKPSFTLTTVNPVYVFGPLAFDDDAVDSFTSSSSYLPKVLKTKKNESVFEAKGTGVDVRDVVALHIAAVENDLSGKRLLASCQYWDTQIMLEFIKKTYPELGKDLPEGSPGSIEEGRNSVSTFDNSETTRLVGIKWTPLDKSFKDAVDQILRAKEGR,Clavispora lusitaniae ATCC 42720,hypothetical protein,1,0,3.2,1.1,48.6,1.8,2.6,-17.7,0,2.6,-97.7,4.9,0.1,96.4,39.3
Ort-EZM-8,0,OIW25712,MSLVQLMMQSQRASSRGKVLLTGGSGFIASHILDQLVDQGFNVVVTVRSEEKGQRIVDTYQGAAKENVSYVVVEDITKEGAFDAAVKSQPPFDYVIHTASPYHLNPQDPVKDFLDPAIKGTTGILHSINAHAPTVNRVVFTSSSAAILNPKQHADVYDETHWAPMTWDEALQPTNAYRASKIYAEQAAWKFVEVEQPGFDLATINNTYTFGPLQRHLSRLEAMNASNHRIRDLVQGKMKEALQPTAPVFTFVDVRDVAFAHVRALTVPEAGGSRFYVVGGHFSNKKIADVIRDAFPQLADRLPPRDAPDDFPEKVYRFDNAKSREVLGLEYTSFEKSVRDTVQSILDSGLLGSEVRN,Coniochaeta ligniaria NRRL 30616,NAD(P)-binding protein,0,,,,,,,,,,,,,,47.1
Ort-EZM-9,0,ANZ74293,MVSKVLLTGASGYIAQHVTSELLSHGFQVVGTVRRQEQADQLHKQFSEEVPALQKNPFLLTYVLVPEIGAPDAFDEVLQSTPDITYVLHTASPFNFKDEGPLEDVYLKPAVEGTRNILSAVKKFANDYVKNVVVTSSFASVMNVDKFEDKSFIHTEKVWNNNTWDQTKGGDKVVAYVISKKEAEKAAWDFVEKEKPNFKLTTVLPPYVFGPQKFDISAKKESLNTSAEIVGSLLHTKYPSDDKLFDDSVNISADVRDVALYHVLPLLNADLASKRLIVVQGKFSTQRILNIINEHIPELKGKIAVGKPEGAAKLEALKAPEYNNSVTIGLTGVDPIPLTKTIVDSVEQILRANK,Komagataella pastoris,BA75_00474T0,1,0,0,5.2,-100,0.7,3.8,-70.7,0.7,1.6,-42,5.6,0,100,
Ort-EZM-10,0,CCA40817,MPGERVLLTGASGFIAQHITDVLLSKGYRVLGTTRRQEQADQLTQQFTAEYPKIAEDKSLLQFHLVPDIGTDNAFDEVLKQNPDIDFVLHTASPFYFGDDRPLKEVYLHPAVGGTENILNAIQKYASDNIKKVVVTSSFASVVNMDKFKDKRFIHNEDTWNPLTWEQAEVEGETSAYRASKKYAELAAWDFVKKESPKFSLTTILPPFVFGPQKFSSSAAKGTLNTSAEIVNKFLSTEYPSDDKFFDAPTHLSVDVRDVALYHVLPLEINALANKRLFTVQSKFSGQRILNILNENFPELKGKIAVGQPEKTAQNEAANGPEYNNSLTVALGGVEFRSLETTIIDSVKQILESAK,Komagataella phaffii CBS 7435,Aldehyde reductase,0,,,,,,,,,,,,,,
Ort-EZM-11,0,EDK43723,MSTTVFVSGATGFIAQHIVKQLLEDNYKVIGSVRSSEKGEHLKSLLANAGLKAENFSYEIVKDIAAKGAFDEALKAHPEVTVFLHTASPFHFNVQDVEKELLKPAEEGTTNALNAIKEYGKNVERVVVTSSYAAITGFADLATPGKTVDESSWNPITKEQSLRDPFNGYIGSKKLAEQIVWKYVETNKPKWGVSVVNPTYVLGPQTFEVKDKSALNTSNELINGILKAGKDHSQPQQVTGYFIDVRDVAKAHIVAFQKEDAIGQRLLLAAGPVTTEKILNIIKKDFSQIELPTLNESEKPDWDKIESIINNDKTKKILGFKFIDLEKSVDDTVSQIVN,Lodderomyces elongisporus NRRL YB-4239,conserved hypothetical protein,1,0,0,5.9,-100,2.3,1.7,14.7,2.4,0.6,58.8,4.6,0,100,42.7
Ort-EZM-12,0,EDK41009,MTTSVYVSGASGFIAQHVVQQLIEKGYHVVGSVRSKAKGELLVSQFGSSFEYEIVEDIAKSGAFDESLKKHPEVTVFLHTASPFHFEATDIEKELYIPAVEGTTNALKAIEQYGQSITRVVVTSSFAALINLDRESDPTLTYTEEDWNPLSKEDGLKNAWLGYVVSKKLAEKVAWDFVKEAKPKFDLTVVNPTYVYGPQAFQSGIKDKLNTSSELINSALKMGPNDEVPPVTGPYIDVRDVAAAHLVAFEKDEAKNQRLVMADGRFTYQDFLDIIHKHFPQLSKNLPVGKPGSSKEQLANSAKLNFSKTEKILGFKYIGLEQSVVDSVKQIVETEK,Meyerozyma guilliermondii ATCC 6260,hypothetical protein,1,0,0,5.4,-99.3,4.7,0.3,86.8,0,2.6,-98.4,4.5,0,100,45.9
Ort-EZM-13,0,EDK41061,MSTTVFVSGATGFIAQHVIKQLIEKNYKVVGSVRSKEKGDQLVSKFGDSFQYEIVSDIGKSGAFDEALKKHQDVTVFLHTASPFHFNTDNVEKDLYQPAEEGTNNALKAIEKYGPQVKHVVITSSFAAVLDSKREKDPSLTYTEENWNPMTREEGTENAFSGYMVSKKLAEKAAWDFVEKSKPNFVLTSVNPTYVFGPQAFDSDIKDSLNTSSELINAALKLKPGEELPTYTGPYIDVRDVAEAHLVAFEKEDAKNQRLVLADGRFTFQDFLDIIHKNFPEKAKAKNIPLGNPGSSKKDLANAAKLNFAKTDKVMGIKYIDLEKSVVDTVKQIFDAEK,Meyerozyma guilliermondii ATCC 6260,hypothetical protein,1,0,0,5.5,-100,6,0,100,0.1,2.1,-95.4,2.6,0,100,43.7
Ort-EZM-14,0,KIO03511,MPAIQPPSKVLVSGANGYIAMWVIRDLLEHGYSIRGTVRSTKKGEYVKKYFAGYGVKLEIVVVEDITKEGAFDEAVKGVDAIAHIASPVYMPGDMVEPALKGTTGMLRSALQFGHTHSQSIKRIVYTSSAAAIPGEMNRPAVFTEEDWNFQVVDLLKEQGENASDVTKYRASKTLAEQGAWSFVKEHQHEISWDMTALNPTYVFGPSIHEVTDPTSLNFSAKLFYDRVADSTKSDEVEEQLLINTFFTWVDVRDLAVAHRRALEVQEAGAERIIISAGPWRWQDFMDTANLLDPPPQLSKPLPKGLPGTVSQHACMYDFDNTKSQRILGMKYRSMVEMTRDTFADYEARGW,Pisolithus tinctorius Marx 270,hypothetical protein,0,,,,,,,,,,,,,,
Ort-EZM-15,0,POY72851,MPVIEKGSLVLISGPSGYLGAHCAEELLKHGFRVRGTVRSQDKGEYLVDLFEKYGRDKFEYVIVEDVEAPGAFDKAIKGVDAFLHTASPFHFNAPDPYKDLINPAVNGTLNALKSAKSEPSVKRVVITASFACIVEPKDPGTYVFTEKDWNEYSPKQVEEHGKDAEASQSYRASKTLAERAAWKFVEEEKPQFDITTIQPPLIFGPVIHQVPSPDKLNTSVNNFYQFLVGNKSAEDAQNGFGSYVDVRDVAKIHVESLLNDHAGNQRFLVATTDSSYQPLLDTYFNNASDDLKSAFPKAQQGKPGNSKPKANTIDTSKAQKTFNWKPIAEKDTVIDMVESLAKYQKERWSK,Rhodotorula taiwanensis,hypothetical protein,1,0,0,0.6,-100,6,0,100,0,1.8,-97.8,2.1,0.9,38.5,38.6
Ort-EZM-16,0,EIW07406,MSVFVSGANGFIAQHIVDLLLKEDYKVIGSARSQEKAENLTEAFGNNPKFSMEVVPDISKLDAFDHVFQKHGKDIKIVLHTASPFCFDITDSERDLLIPAVNGVKGILHSIKKYAADSVERVVLTSSYAAVFDMAKENDKSLTFNEESWNPATWESCQSDPVNAYCGSKKFAEKAAWEFLEENRDSVKFELTAVNPVYVFGPQMFDKDVKKHLNTSCELVNSLMHLSPEDKIPELFGGYIDVRDVAKAHLVAFQKRETIGQRLIVSEARFTMQDVLDILNEDFPVLKGNIPVGKPGSGATHNTLGATLDNKKSKKLLDFKFRNLKETIDDTASQILKFEGRI,Saccharomyces cerevisiae CEN.PK113-7D,Gre2p,1,0,0,5.8,-100,0,4.7,-100,1.2,1.5,-11.9,5.5,0,100,46.3
Ort-EZM-17,0,KOH48093,MSVFVSGANGFIAQHIVDLLLKEDYKVIGSARSQEKAENLTEAFGNNPNFSMEIVPDISKLDAFDHVFQKHGKEIKIVLHTASPFCFDITDSERDLLIPAVNGVKGILHSIKKYAADSVERVVLTSSYAAVFDMAKENDKSLTFNEESWNPATWESCQSDPVSAYCGSKKFAEKAAWEFLEENRDAVKFELTAVNPVYVFGPQMFDKDVKKHLNTSCELVNSLMHLSPEDRIPELFGGYIDVRDVAKAHLVAFQKRETIGQRLIVSEARFTMQDVLDILNEDFPVLKGNIPVGKPGSGATHNTLGATLDNKKSKKLLGFKFRNLKETIDDTASQILKFEGRI,Saccharomyces cerevisiae,hypothetical protein,1,0,0,6,-99.7,0,4.9,-100,0.8,1.6,-35.3,5.7,0,100,47.9
Ort-EZM-18,0,ABN66052,MTSVFVSGATGFIAQHVVKDLLAKNYTVIGSVRSASKGDHLAELLGSKKFSYEVVEDIEKEGAFDAALEKHPEVSVFLHTASPFHFKATDNEKELLLPAVNGTKNAFRAIQLHGKNVTNVVLTSSYAAVGTASKDANKDEVINEESWNEITWEEALKDPVSGYRGSKTFAEKAAWEFLKENNPKFVLSVVNPTFVFGPQAFDSEVKDSLNTSSEVINALLKSGANGVVPPVKGGFVDVRDVSSAHITAFEKEAAYGQRLILNSTRFTAQEIVDILNKRFPELVGKIPVGEPGTGPSLRANNATIDNTKTKKILGVSEFIGLEKSVVDSVSQILRTRK,Scheffersomyces stipitis CBS 6054,NADPH-dependent methylglyoxal reductase GRE2,1,0,0,0.1,-84.6,6.3,0,100,0,2.4,-97.6,6.3,0,100,45.5
Ort-EZM-19,0,EGW33294,MTSSTVFVSGANGYIAQHIVKQLLAKNYKVIGSVRSQSKGEDLASLVNNSNFSYVVIPSISDKDAFYEVLQKHPEITVFLHTASPVTFEVDDVERDLLRPAIDGTVNALAAIKKYGPQIERVVITSSGGAVLGFDNYFESDKIYDEESWNPITYEESKSSGPVNGYFGSKKFAELAAIEFVETEKPNFDVTFVTPVYNFGPQAYEVKDKSKLNVSAEVVNTVLKFKKGDAIPEFGNIFADVRDVARAHIVAFESENSKGKRLLVGTDNFTYDTIAYIINKHFPEVEIPQGDLSKNEAIYKSMVQKYDNSKTNAILGFDLIGLEQSIVDTVKQLLV,Spathaspora passalidarum NRRL Y-27907,hypothetical protein,1,0,3.7,3.7,-0.1,5.4,0,100,0.3,2.4,-74.7,5.5,0,100,36.8
Ort-EZM-20,0,EGW32584,MTSTSVFVSGANGFIAQHIIKQLLAKGYTVIGSVRSHQKGEQLKSLIQNDKFSFEIVASLTEKNAFDEVLKKHPEVTVFLHTASPVTFAVEDIEKDLLKPAIVGTVNALNAIKRYGPQIKKVVITASAVNIFGFGPYFDGEQVYTEDDWNPITYEESLENPFFGYLGSKKYAELAAQAFATKENVNFDISFVTPPFVFGPQAYVVKDKANLNLSNEVVNSVVKLTKGDPIPADGSVFVDVRDVARAHLVAFENDEAVSQRLFTASSSYTLDTIANIINSRFPNTTVPRGDESRNEEINRSIQKFDNSRTNKILGFDYITLEESIFDTVDQIFNA,Spathaspora passalidarum NRRL Y-27907,hypothetical protein,1,0,0.7,5.7,-79,5.8,0,100,0.1,2.6,-96.3,6,0,100,35.4
Ort-EZM-21,0,CCH57958,MSVLVTGATGFIAQHIVDALLKENYNVIGTARSQAKADNLLASFNSPNLSMEIVSDISDLNAFDDIFKAHANKIKYVLHTASPFHFNTTDYSKDLFIPAKNGTLGILQSIKKYAPQTVERVVVTSSQAATLDFTAPPSSKTVYTEKSWNPANEETKQMNAIMAYCTSKKIAEKAAWDFYNENKSQLKFKLSIVNPVFVFGPQLFDSSVSATLNTSCEVINQVLKTTPKDQLKKDVMGEFIDVRDVARAHLDAFTKEETIEKRLLMNNGLFSEITIGNIINNDFPQYKGKIAPVADDTDLQNDIAPYKCDNSVTKQILGWEFTSLQKSVDDTVAQILKMSK,Henningerozyma blattae CBS 6284,hypothetical protein,1,0,0,2.2,-100,5.2,0,100,0.1,2.5,-96,6.1,0,100,41.9
Ort-EZM-22,0,CCH60145,MSVLVTGATGYIAQHIITDLLEQNYKVIGTVRSESKGDNLVKLFNSNNFTYEVVPDISVEGAFDKVLEKNAKDIKYVLHTASPVVFEVEDLLRDIVDPAVYGTKGILNSIKKYGSKTVERVVITSSVAAIEHPDGISRDGKTITEKDWCPLTLEDAKLNSVNAYFVSKTLAERAAWEFYEENKKSGDIIFKLATVNPAYVFGPQTFDTSITGQLNFSCEIVNKVLQLKPTDKVNTNITGRFIDVRDVSKAHLLAFQKENTIEKRLVVSSELFGDQEMVNILNEKFPTLRGKIPPVGKSDELAANNLQGLIDMSETRKILGFEYISLDKSVYDTAAQILKAEGKI,Henningerozyma blattae CBS 6284,hypothetical protein,1,0,1,4.4,-62.6,6,0,100,1.2,1.8,-22.3,6.1,0,100,44.1
Ort-EZM-23,0,EDO15092,MSVLISGATGFIAQHIVGDLLDQNYKVIGTARSQGKIDKLIKQFGNNPNFQMEIVEDISKLDAFDAVFQKHGKDIKYVLHTASPFHFNTTEYEKDLLIPAANGTKGILESIKKYAAKTVERVVVTSSFAAIMDFATYNDGKTIFTEESWNPVTWEGAQANAVEAYCGSKKFAEKTAWDFLKENEGQVSFKLSTVNPVFVFGPQKFLEDAKGTLNTSCEFVNQMIHAKPTDEVTTTRDGEYIDVRDVAKAHILAMQEDKLIGKRLLMQNGPFTKQDIVNILNDKFPKLKGSIPKSNSNTDIQKATFFNNVNSDVTKNLLGFKLRTLEETIYDTAEQILKNEAQL,Vanderwaltozyma polyspora DSM 70294,hypothetical protein,1,0,0,4.3,,6.5,0,100,0.1,2.2,-95.5,6.6,0,100,41.1
Ort-EZM-24,0,CCH43855,MSTKTVLLTGASGFIALHTLDQLLKRNYTVIGTVRSQDKADNITVQFKKEYPSAQLTFAIVEDIGASGAFNKVFQDHPEIEGVLHTASPFSFGLNKDFKDAYFTPATEGTKNVLEAIQNYGKNVKNVVVTSSNAAVANADKVGDKTFIHTEETWNPITWDDVDNELKAYIASKKLAEKLAWEFVAEQKPLWKLTTVNPTLVWGPQKFESSLANKTLNTSAEAINKLLSSDPNDTHFFDKPIGTSIDVRDVALLHVLPLENENVSGKRLYPIQDEFNGQRILNIINRNFPELESKIAKGSLDGADKHAEENTIYYDTSKTLEWTGIKSWIPLEETVKDSVRQILDYRSKH,Wickerhamomyces ciferrii,Dihydroflavonol-4-reductase,1,0,0,0,0,0.3,0,100,0,0.7,-94.6,2.4,2.1,8.3,