ID,refined,homolog_id,sequence,organism,annotated_function,solubly_expressed,1b,2b (R),2b (S),ee 2b (%),3b (R),3b (S),ee 3b (%),4b (R),4b (S),ee 4b (%),5b (R),5b (S),ee 5b (%),melting_temperature,reference_id,sequence_identity,alignment_length,mismatches,gap_openings,query_start,query_end,target_start,target_end,e_value,bit_score,rmsd,tm_score,rmsd_bindingsite,n_bindingsite_residues,n_aligned_residues,aligned_fraction,n_res_plddt,n_res_plddt_bs,median_plddt,median_plddt_bs,avg_plddt,avg_plddt_bs,std_plddt,std_plddt_bs,iqr_plddt,iqr_plddt_bs,p10_plddt,p10_plddt_bs,bindingsite_similarity_score,non_equivalent_residues,cavity_volume,cavity_area,cavity_avg_depth,cavity_avg_hydropathy,cavity_frequency_Alipathic_apolar,cavity_frequency_Aromatic,cavity_frequency_Polar_uncharged,cavity_frequency_Negatively_charged,cavity_frequency_Positively_charged,cavity_frequency_Non-standard,cavity_rmsd,cavity_n_points
Ssal-KRED,0,Q9UUN9,MAKIDNAVLPEGSLVLVTGANGFVASHVVEQLLEHGYKVRGTARSASKLANLQKRWDAKYPGRFETAVVEDMLKQGAYDEVIKGAAGVAHIASVVSFSNKYDEVVTPAIGGTLNALRAAAATPSVKRFVLTSSTVSALIPKPNVEGIYLDEKSWNLESIDKAKTLPESDPQKSLWVYAASKTEAELAAWKFMDENKPHFTLNAVLPNYTIGTIFDPETQSGSTSGWMMSLFNGEVSPALALMPPQYYVSAVDIGLLHLGCLVLPQIERRRVYGTAGTFDWNTVLATFRKLYPSKTFPADFPDQGQDLSKFDTAPSLEILKSLGRPGWRSIEESIKDLVGSETA,Sporobolomyces salmonicolor,Aldehyde reductase 2,1,1.0,4.05,3.15,12.5,5.03,0.0,100.0,2.22,0.21,82.71604938,0.0,5.37,-100.0,59.7,Ort-RDM-1_3,0.483,327,169,0,3,329,8,334,4.508E-83,271,1.36,0.93732,0.406152993440628,50.0,37.0,0.74,400.0,50.0,0.9869999885559082,0.9890000224113464,0.9769999980926514,0.9850000143051147,0.032999999821186,0.0080000003799796,0.01,0.008,0.957,0.978,0.4545454545454545,3.0,700.27,503.86,1.82,-0.19,11.0,6.0,15.0,0.0,2.0,0.0,0.294,3206.0
Ort-RDM-1,0,PWN99435,MSNAPIAPGSLVLVTGGTGFIGSHVVRTFLHDGFRVRLPARTQEKGDKFVKHFSEYADKLEVVVIPDALREGAYDEAVKGVAGIAHLATAIDIQSTDYDAVVPPSIAGTVGVLQSALKYGPTVQRVAICSSSGASGQPNPVPRAKFEADPSIAQKLDASTWNDKSIETIEAQRKNGKVTDGFQLYYVSKVLAERAAHDFIKNEKPNFTISMILPNANFGDMIPCATGTSTGGWSQAVADGQDMNQIDPQWFVNVDDTARLHVQALVSPDIKQGERIWAVSERFTWNDIAAEVKKNKPEANVVTVEGDKDRVDASDIDASRAQELLKEFGGFQGLAVTVRQGLGLEKPRI,Tilletiopsis washingtonensis,NAD(P)-binding protein,1,0.3,1.3,0.0,100.0,2.0,2.4,-10.0,2.4,0.0,100.0,0.3,4.7,-86.6,31.1,Ort-RDM-1_3,0.393,333,197,0,4,329,6,338,3.793E-60,204,2.18,0.87087,0.5520850419998169,52.0,26.0,0.5,406.0,52.0,0.9660000205039978,0.975000023841858,0.9490000009536744,0.9580000042915344,0.0599999986588954,0.0350000001490116,0.034,0.03,0.899,0.896,0.4883720930232558,5.0,725.11,495.14,1.79,-0.27,11.0,6.0,11.0,0.0,3.0,0.0,0.379,3346.0
Ort-RDM-2,0,ORY53991,MSPSVLPAGSTVLVTGANGLVASHTIEQILKAGYKVRGTARSAEKLAGLKKRWDSEYGVDKFEIAVVEDLLADGALDEALKGVSGVAHIASVVNFGIKREDVVIPTVNMTLNVLKSAAKFPEVKRVVLTSSSAAALIAQPGVPGITADETTWNETAVALSKALPEEFDHTTKAFIVYSASKAEGERAAWDFMAENKASGPSFEFNAVLPNLVMGKILDEESQHGSTSGWIRDYFLGKNEFVKALPAQYYVNAEDTGLIHLGALTLPDVAGQRLWAAAAPYNLDDMLAAFRKLYPSRTFPDDVQSSRDLSVIDHSKGEAVLKALGRQGWQSLEASIEQLVGRE,Leucosporidium creatinivorum,aldehyde reductase 2,0,,,,,,,,,,,,,,,Ort-RDM-1_3,0.452,332,179,0,3,330,5,336,6.756E-81,265,1.59,0.93151,0.4218266606330871,48.0,37.0,0.7708333333333334,399.0,48.0,0.9850000143051147,0.9869999885559082,0.9729999899864196,0.9819999933242798,0.0359999984502792,0.0149999996647238,0.014,0.01,0.942,0.973,0.5555555555555556,1.0,725.76,485.9,1.96,-0.25,15.0,4.0,11.0,0.0,4.0,0.0,0.317,3357.0
Ort-RDM-3,0,KIM80149,MSTPDKVIPKGSLVLVTGANGFIGTHVVEAFLVAGYKVRGTVRSVNKILALQSRWEKKYGVGTFEVAVVEDYTKDGAFDDAMKGVSGVAHAAGDLSFSPVPSEVIDPMVKNVILVLKAATAQPTIKHFVLTSSSYACFFPRPNVELDVGEHMWNEESVEKAYSLAETDPLKPWHVYAASKVLIEKAAWKFMKEEQPAFSMNTIMPNATFGPILDLAQVTSTAGMLKGLFEGNWAAFSGILPQWCVDVRDVGRLHVLAMTSPSLSAGGVRIYTAAEPFNTNDVLQLLRKLYPKKTFLPDVEGLGRDITRVDNKRGGALLGGWIKFEESIKANTENL,Piloderma croceum F 1598,hypothetical protein,0,,,,,,,,,,,,,,,Ort-RDM-1_3,0.473,332,172,0,3,334,7,333,1.605E-85,278,1.12,0.95968,0.3411875069141388,52.0,35.0,0.6730769230769231,392.0,52.0,0.9760000109672546,0.9810000061988832,0.9539999961853028,0.9739999771118164,0.0740000009536743,0.0179999992251396,0.026,0.018,0.921,0.944,0.5116279069767442,5.0,702.86,535.68,2.13,-0.13,9.0,7.0,13.0,0.0,3.0,0.0,0.351,3252.0
Ort-RDM-4,0,PYH81298,MSRFIDHSRDLAIPLGSLVLVTGISGMIAIHIADEALRAGFRVRGTVRTAARAHEVRSLLPSPDLEIVLVPEMGAQGAYNAALTGVSAVIHCASITNFSPDAESVIPTTVNALVGLLEGALLHPSVKRVVFTSTSGAASKPRPGVQFAIDRDSWNQEAVELVEREVSEDERSKMGFEWGYQVYVASKVKAERAAWRFVAERNPPFVVNVINPAMNWGKVMGSMGISGLHVQTILNGQIPPIPSVYMVDTIDDARIHVAAAIDVTVASERIFACDEPFTWGRVVDIIRRVLPDAMLPRADPDQLVDLSTVDNTLGARLLTKWWGQAGYKGLDQTIRETVEMCLERGSYSR,Aspergillus uvarum CBS 121591,NAD(P)-binding protein,0,,,,,,,,,,,,,,,Ort-RDM-1_3,0.355,331,210,0,4,334,13,339,6.144E-54,186,1.51,0.89119,0.4200906455516815,53.0,37.0,0.6981132075471698,406.0,53.0,0.9819999933242798,0.9860000014305116,0.9629999995231628,0.977999985218048,0.0540000014007091,0.0199999995529651,0.028,0.01,0.93,0.955,0.3809523809523809,6.0,778.68,518.34,2.19,-0.19,10.0,5.0,14.0,0.0,4.0,0.0,0.401,3587.0
Ort-RDM-5,0,ODN75553,MTPIAKGDLVLITGASGFVAAHITEELLRSGYRVRGTVRSAAKGEYLKKLYPGQPFEYVIIKDVEQDGALDEAVKGIDAAIHSASPCTTTGTVAEELIGPAVKGTTELLYALQKYAPGAKAVVLTSSTAAIQNFRGPENPVPWHETSADWNVLSEPYIENNPPSDPMWGTHAYMASKIKAEQAFWEFMKVHKPTWQGTVINPPWIFGPVLHDFKDVASLNLSCKLFWDWVSGEKGEKDLPGPIVGGWVDVRDVAIAHVRALERPQAASQRYIVCGGRLAGQHWVDVLHAHYPGHPLIKKNTPVGVKGSGDEAIKVLNTHDQVTAQEALGLEYTSLEQSTKDMFETIAKKLGVFEDAPV,Cryptococcus amylolentus CBS 6039,hypothetical protein,0,,,,,,,,,,,,,,,Ort-RDM-1_3,0.331,275,178,0,1,267,1,275,1.130E-34,129,2.4,0.83268,0.4218328297138214,46.0,33.0,0.717391304347826,n.d.,n.d.,n.d.,n.d.,n.d.,n.d.,n.d.,n.d.,n.d.,n.d.,n.d.,n.d.,n.d.,n.d.,673.92,463.36,1.8,-0.16,12.0,3.0,10.0,0.0,4.0,0.0,0.367,3120.0
Ort-RDM-6,0,KNG79871,MPQATVTLPAGSLILVTGANGFIASHIVDQFLQRGYRVRGTVRSRKPWLDDYFTTRHGAGHFESALLPDLRNVDVLDRLLDGVAGVVHVASDVSMSPDPEIITKSVASTLSVLEVAARHDSVTQVVLTSSAFAASFLQPGQPGVNIDSSTWNDGAVKSARDRSVPEAQKPILVYAASKTESEREAWKWVKQNNPGFGFNTVLPAMVFGKILHPEIGGSTMAFVRNLLSGNRAGIDDIPPQWFVDVEDTARLHVAALLDGRVKSERLFAFATPYTWTDIVDILRKAFPLNSSIPQAPENEGRNFIQVGPSVRAENLIKEFWGRDGWTSLRESTLAELGTLKGLR,Aspergillus nomiae NRRL 13137,cinnamoyl-CoA reductase,0,,,,,,,,,,,,,,,Ort-RDM-1_3,0.418,326,189,0,4,329,8,332,1.777E-64,217,1.54,0.91386,0.3651320934295654,47.0,34.0,0.723404255319149,400.0,47.0,0.9679999947547911,0.975000023841858,0.9459999799728394,0.972000002861023,0.0719999969005584,0.0189999993890523,0.046,0.021,0.892,0.95,0.5869565217391305,0.0,654.7,451.09,1.72,-0.29,11.0,4.0,12.0,0.0,3.0,0.0,0.26,3028.0
Ort-RDM-7,0,KZT58659,MAPLAPGSHSLIVVVGITGYIASQTGLQALKAGYRVRGTVRNKAKAEELRAAYAKEGADVSPENLEFVDLDDLLSEAQFEAAFTGADGVIHPALPDLTGEDAVNEIIQSTLIPLRAATKAGIKRFVLTGTLVSVITPGPKVPTDRLITDKDWNDEAVEAWKNASEETKKSPAFVGLKYMAGKVLGERAGWKYMETESPPFEFTVVLPAQTWGPKVYGTTSTSLGWLAGLLNNDATGALTRSPIYVEDVRDAAKLHILSLYEPETAGRRIWAAGHPVGWHQVLEILRKHFPNEAIPKDPPASPLDPCPWRIDMALEVKLLGGKWIDLETCMVDAAKSLGYTDAI,Calocera cornea HHB12733,NAD(P)-binding protein,0,,,,,,,,,,,,,,,Ort-RDM-1_3,0.344,319,208,0,8,326,10,327,1.374E-39,144,2.07,0.88427,0.3060994148254394,47.0,13.0,0.2765957446808511,400.0,47.0,0.9819999933242798,0.9869999885559082,0.9679999947547911,0.9789999723434448,0.0379999987781047,0.0170000009238719,0.022,0.013,0.929,0.96,0.3863636363636363,0.0,314.28,203.13,1.12,-0.23,9.0,3.0,7.0,0.0,1.0,0.0,0.365,1919.0
Ort-RDM-8,0,GBF63150,MAFTDSDLVVVTGANGHVAQHVISQLLSSHTPVRIRGTVRSSMVAQKLYAAFRPFVSGGRLEIAIVPDLTVDGAFDDALQGATYVAHIASPLNISPENVENDLLIPAIKGNICILESIMKQTGVKAVVITSSFVAAFDARHGFREGYTYSSADWNPISYDEAADPRHDMSQYPEMWRPWITYMASRTLAEKAAWDFYRKHQPTWALSTLLPSFIGGPFVLPLTKGADSLTFSTGLIWRTALGGEPLFHNDFPHWVDVRDVAKAHIQALIIPAAWGRRLMLGPWPLLFSDIARIVQKHYPDMNSTRENQQVTAVA,Trichophyton mentagrophytes,oxidoreductase,0,,,,,,,,,,,,,,,Ort-RDM-1_3,0.344,292,182,0,10,287,9,300,6.293E-37,136,2.38,0.85489,0.6491312980651855,47.0,35.0,0.7446808510638298,371.0,47.0,0.9710000157356262,0.9810000061988832,0.9570000171661376,0.9729999899864196,0.0480000004172325,0.0179999992251396,0.038,0.021,0.916,0.942,0.4666666666666667,0.0,473.9,324.42,1.7,-0.49,8.0,6.0,6.0,0.0,2.0,0.0,0.462,2862.0
Ort-RDM-9,0,ORY92490,MSNDIPPLMLITGSSGFVGSEIAFQALKQGLAVRLVFRKPSQAEAWEAAYGEYKERTETVVVQDFAVPGAFDEAVKGVSFIAHAATPINFHPKDNKRDVLDPAIDGLLGLLKSAQKAPSVKAFVYTSSIAAYADLTKPFAKNEVLTEKHFVPFTYDQAAAFPPEDGFFTYSASKELSEKPGQEFMNREKPSFTFTTIAPTLVLGEDHQVPLTWEMGKSVSSLAWAFGAIESKKYPSSIGQSIDASQGSIPFVNVVDVARAHTLAAQTPIAAGKRYGMAAGYVTYEEIGRVAAEAVPDHAYCWPHTEGKQAEPLVHFESSTVEKDLGFKYIGLEETVASFARQMFSLPGAPPPAKAAAA,Leucosporidium creatinivorum,hypothetical protein,0,,,,,,,,,,,,,,,Ort-RDM-1_3,0.312,328,219,0,10,329,9,336,5.224E-29,112,2.83,0.80635,0.5450878143310547,51.0,37.0,0.7254901960784313,415.0,51.0,0.9490000009536744,0.9610000252723694,0.9110000133514404,0.9279999732971193,0.0970000028610229,0.0879999995231628,0.082,0.05,0.756,0.782,0.3255813953488372,4.0,693.36,512.0,2.1,-0.37,14.0,7.0,9.0,0.0,2.0,0.0,0.441,3209.0
Ort-RDM-10,0,KJJ29487,MSSDDLVIPKGSLVVVTGANGFIGSHVVDQLLQHGYNVRGTVRNVAKNSWLNDYFSAKYGPGRFSLAEVPDMSHEGAFDEVVKGAAGIAHVATPVRQFHDPNIAVPMVVNGTVNVLASAAAEPLVRRVVITSSSTAAASPQPNKVFTMDEKTWNETAVKAAWAPPPYEGLQRRLDVYSATKTQAEQAAWKFMEDKKPDFVLNTVLPNVNMGTILSPENQGYPSSGGWVKAVWDGFPGEEGEKLKYNPPQYYINVQDDALVHVAALIYPDVQNERLFAFAHPYSWNDILDALRRLYPQQKFIDDIPNIGEDKSKVANQRAEELLKRVSGLPAWTSLEQSVHDATKA,Aspergillus flavus AF70,aldehyde reductase II,0,,,,,,,,,,,,,,,Ort-RDM-1_3,0.414,333,191,0,3,329,7,339,4.703E-75,248,1.69,0.91628,0.497251033782959,47.0,35.0,0.7446808510638298,402.0,47.0,0.9819999933242798,0.9869999885559082,0.9649999737739564,0.9810000061988832,0.0610000006854534,0.0140000004321336,0.017,0.008,0.935,0.964,0.6136363636363636,0.0,705.46,476.27,1.75,-0.19,10.0,4.0,14.0,1.0,3.0,0.0,0.354,3247.0
Ort-RDM-11,0,KIJ46908,MKEITLVTGASGYIGAQVADHLLKAGYALKFRSCRSTKAAELRRKCDSPDFEIVVVEDLIAGDFSNALKGISSIVHVASPLVNGSDHVNVAVNGTLNLLKQAYAMKVYKVVIVGSFGSMFTTVEETCDESRIFRESDWNTWTEEDSRQPGFRPFFLYTTSKALAERATWKFSESHPEMNITVLNPPFVYGPMAPRQVISGLDSTLSTNEMVYCLMAGHMAEYPPWHLPPQTVDVRDVAEAAVRSLSLPHSPGQIRRILLASGSFSWQEAVYHIGTIKPHLKHRLVNQGESCIPEPVTASKIDTSMAEKLLGMTCFIPWQKSIEDTVNCLLEEERRWT,Sphaerobolus stellatus SS14,hypothetical protein,0,,,,,,,,,,,,,,,Ort-RDM-1_3,0.313,366,211,14,1,336,1,337,n.d.,n.d.,2.52,0.83768,0.6405029892921448,49.0,32.0,0.6530612244897959,394.0,49.0,0.962000012397766,0.9629999995231628,0.925000011920929,0.9399999976158142,0.0979999974370002,0.0680000036954879,0.072,0.052,0.839,0.896,0.4444444444444444,2.0,694.66,512.53,2.21,-0.36,14.0,5.0,10.0,0.0,3.0,0.0,0.521,3034.0
Ort-RDM-12,0,CCC13794,MTETWFCICWCGGTGFIASHILDHLLECGFDVVVTARSQAKGERILASIANAPNVVSSVGCKVTYAVVDDIAQLGAFDEAIQSNAPIHYVIHTASPYQLSFSDPLNDCLLPAMNGTISLLTSLQQHASPSLARVVFTSSSAAILNPPNHRDVYDESSWPDDETLNWDIAKDPNAPGDTTYRASKKYAEKAAWKFMDEHKPSWDLATINNTYTFGPLPRSLEVKNGEELKVNTSNERIVDCLTGKWHDKIPPTAPVFTFVDVRDVAVAHVRAMTRPEAGGKRFYVVGGLFSNPRIASVIHGMSRANSIGYEGPQIEKGTDVEVCQDCLMYDDFPYNTHWSFDNTRSKEVLGLEYRKLGESVVDTVKSLKGMGIGMDVLRIDGHCQRTTQGIKVE,Sordaria macrospora k-hell,unnamed protein product,0,,,,,,,,,,,,,,,Ort-RDM-1_3,0.297,287,188,0,14,281,12,298,5.382E-22,91,3.03,0.74246,0.6619397401809692,45.0,30.0,0.6666666666666666,n.d.,n.d.,n.d.,n.d.,n.d.,n.d.,n.d.,n.d.,n.d.,n.d.,n.d.,n.d.,n.d.,n.d.,336.74,276.49,1.71,-0.14,3.0,4.0,10.0,0.0,1.0,0.0,0.313,2191.0
Ort-RDM-13,0,EGW31012,MSPTSVFVSGANGFVAQHVIKLLLAKGYAVVGSVRSATKGDELKELVKSDKFSYEIISELGDKPGFDAALKKHPEVTGFMHIASPVGFTATDIEKELIRPAVDGTVNALKAITEYAPQINKVVITGSVVSVFGFGPHFDGNKVYTEDDWNPITYEESLSNPMFGYFVSKKFAELAALEFIEKEKPNFDTSFVIPCYVFGPQAYGVKNKKKLNLSNEIINTVVKLGKDDKIESFGSVFVDVRDVARAHLVAFENKRAVPKRLLLISEKFSLDSIAHIINEKFPDSSVPKGDISKDVELEKSIQKFDNSKTKEILGFDFIPLEKTVEDTVTQVL,Spathaspora passalidarum NRRL Y-27907,hypothetical protein,0,,,,,,,,,,,,,,,Ort-RDM-1_3,0.293,326,229,0,8,333,4,328,7.098E-26,103,2.54,0.85843,0.5128605365753174,47.0,32.0,0.6808510638297872,389.0,47.0,0.975000023841858,0.975000023841858,0.9570000171661376,0.9509999752044678,0.050000000745058,0.0590000003576278,0.035,0.042,0.911,0.883,0.3636363636363636,0.0,356.4,246.6,1.42,-0.47,10.0,4.0,5.0,0.0,1.0,0.0,0.282,1649.0
Ort-RDM-14,0,EXU95441,MSNSGPLILITGGTGFIGNHTVAQFLSHGYRVRATARNKDSCSRLLAIHDKHRESIETHVITDITLPGAFDQAVKGVDGIVHMASPFTYSITDNEKDLIIPAINGTRRILESTVSFAPQVKRVVLTSSFASIVDFSQGLWPGHVYDETQWNPITFQAAKDDKRGLAYAGSKKLAEQAAWEFTKTTAGVNFSLATINPPMVYGPPFPGSANLRHLGQSASEIYALMNGSVTAVPPTTLPAFVDVRDVAKAHRLAFETDQPQRFLVSGGSFDMQQVCDLLRENIPKLKSRVPIGNPGHESVGEHYLIDCSKARNVLGIEFLPFSSTFLDMADTFMQLEELEKTPASV,Metarhizium robertsii,cinnamyl-alcohol dehydrogenase family protein,0,,,,,,,,,,,,,,,Ort-RDM-1_3,0.326,281,188,0,6,286,4,283,7.064E-29,112,2.48,0.84378,0.5330528616905212,47.0,28.0,0.5957446808510638,402.0,47.0,0.977999985218048,0.9810000061988832,0.9580000042915344,0.975000023841858,0.0689999982714653,0.0189999993890523,0.027,0.019,0.927,0.956,0.4444444444444444,0.0,708.48,478.41,2.1,-0.38,11.0,5.0,10.0,0.0,3.0,0.0,0.492,3167.0
Ort-RDM-15,0,PMD38917,MASNHIVLVTGISGFLGSHVADQFLEAGYKVRGTAREVSKVDAIKKAFDSKYGEGRVEVVAVPDITVEGAFDEAVKGTHAVAHVASIMSFDKDPAKVIPPTVNATTSILNSCLSISSIKSFVYTSSSSAVSMPKPNVPCKYDSNSWNDDDVKAAWKPEPWDENHQWTVYAASKTEAEKALWKFRDEKRPHFTINSVLPATNFGPVITPDTVSSTANFVPMIYGGNVGALLGVLPQYYIDVRDTGRLHVAAVKFLEVENERLFGWVEPYNWNTVLTVLREIRPQHQFPENVPGLGEDMSKVSTVKEEELLRRLGRIGWIKLPQAVEDGLKSMSM,Hyaloscypha variabilis F,aldehyde reductase,0,,,,,,,,,,,,,,,Ort-RDM-1_3,0.443,324,179,0,10,333,7,328,4.036E-82,268,1.58,0.94959,0.4943035244941711,51.0,39.0,0.7647058823529411,390.0,51.0,0.9819999933242798,0.9860000014305116,0.9729999899864196,0.9810000061988832,0.0280000008642673,0.0120000001043081,0.018,0.01,0.947,0.964,0.6046511627906976,4.0,675.86,474.72,1.95,-0.18,9.0,5.0,14.0,0.0,3.0,0.0,0.212,3129.0
Ort-RDM-16,0,EDK39148,MSTTVFVSGANGFIAQHIIKQLLEKNYKVIGSVRSQQKGEDLIKNFKSSNLSYEIIESLSKEGAFDKALENHPEVEVFLHTASPATFATEDLKNDLLLPAIDGTKNVLKSIKAHGKNVKKVVVTSSIVSIAKVTRGPTGTINEKEWNDITWDEGLQNGLTAYVASKTFAEKAAWEFVETNKPSWTLTTVNPVFVFGPQAFDSSVKGGMNLTSEILLSSLRLKPEDPLPETDGYFADVRDVARAHIAAFESPDAAGQRLLVNSEEFNFRKILDIINKKFPQLNVVKGSSEKVKLPYVLDSSASRKIIGDKFIDLETSVYDCVKQYVDNN,Meyerozyma guilliermondii ATCC 6260,hypothetical protein,1,1.6,3.7,4.0,-3.4,5.2,0.0,100.0,0.1,2.4,-91.3,3.1,2.0,21.4,46.8,Ort-RDM-1_3,0.331,279,185,0,8,286,3,279,1.391E-30,117,2.57,0.86784,0.4039927423000335,47.0,32.0,0.6808510638297872,385.0,47.0,0.9769999980926514,0.9789999723434448,0.953000009059906,0.968999981880188,0.0610000006854534,0.025000000372529,0.037,0.028,0.888,0.931,0.4186046511627907,0.0,657.5,460.94,1.97,-0.19,11.0,5.0,9.0,0.0,3.0,0.0,0.31,3044.0
Ort-RDM-17,0,KIY00742,MSSVPPGGLILVTGANSYVGSVAIQVFLQRDYRVRGTVRNVARHAWMTGHFGPRFELVEVSEISSPGAFDEAIKDVDGIAHLAMNMDMDPQNQAVIHDTIATNLHLLRSAAREPSVKSVVITSTSAACTLPTTGMPYKIDATTWNTAAIEHTSKPWNGEGNPRWHRILLYGAAKARGEQEAFAWVLQHKPRFSFNTVVPKVNFGTAVAPENMGYPRQILLKSVDERVVDADQVDNQRSVEVLKKMGKADGFTSVEDTLVKAVHTILENQCENVPKTRIDLFHESLASQSSDGT,Fonsecaea multimorphosa CBS 102226,hypothetical protein,0,,,,,,,,,,,,,,,Ort-RDM-1_3,0.346,224,143,0,1,224,1,219,7.030E-34,127,3.32,0.7745,0.4825465679168701,48.0,26.0,0.5416666666666666,350.0,48.0,0.8320000171661377,0.859000027179718,0.7440000176429749,0.781000018119812,0.2169999927282333,0.1940000057220459,0.449,0.376,0.418,0.472,0.3478260869565217,1.0,609.98,451.03,1.77,0.12,11.0,2.0,13.0,1.0,4.0,0.0,0.417,2824.0
Ort-RDM-18,0,EXF74267,MTKILLTGGSGFIAAHILEQLLARGHSVVTTVRSEDKAQRIRDAHKDLDASRLHVAIVPDIARPDAFDEVVKTPGLEAVLHTASPFHFKWTDAQKELIDPAVVGTTAILKALKRDAPGVKRVVVTSSFASVIDEAKTEDPNTIFTEEFWNPVTVEDIGRSPATAYRASKKLAEKAAWDFVKDEKPGFDLVTLTPPLVLGPVVHHFADLNSINTSNERVVDLVKGKWKDAVAPTGAAYLWIDVRDLALSHILALEKPEAGGKRLFTTAGWFSNAEIAAVVRKNFPELKDRLPAEGTKGGELPPKDKVYGYDNSATEKILGIKWKSLEESITDLVKDIKGFGI,Colletotrichum fioriniae PJ7,NAD dependent epimerase/dehydratase,1,0.0,0.0,0.2,-100.0,4.7,0.0,100.0,0.0,2.3,-100.0,3.1,2.1,19.6,45.6,Ort-RDM-1_3,0.326,326,215,0,10,329,4,329,1.086E-32,123,2.21,0.86072,0.4552805125713348,48.0,31.0,0.6458333333333334,398.0,48.0,0.9829999804496764,0.9860000014305116,0.9649999737739564,0.9800000190734864,0.0460000000894069,0.0140000004321336,0.022,0.012,0.929,0.961,0.4222222222222222,1.0,623.16,452.03,2.33,-0.29,13.0,4.0,9.0,1.0,2.0,0.0,0.368,2885.0
Ort-RDM-19,0,ODN80031,MTPNSPLIAITGIEGFIATELVLLFLARGWHVRGSARTFTQAEKLKSLPAYEKYFASGQLEVVVVADVAKADFTELLEGADAVASLAAPIPKLGDPTITWSDFKRPTIDPVLRILDYAKKSTTIKSVAIMSSSGSSIRLDHQPNKVYTEDDGTPYTEEYCESPSAATHRLATVIWYYAAKKYAEEAVLKWQETEKPSFAISTFCPSMVYGPAHYIPSLANLKALTGSTDEFLNLFIGKDQPFPRQFSRSFVDVRDVAEAFYLGITKEASGKYLVSGHEYSWQEFADKLRGLRPDLDAYFPLGEPGTRIPEDWSMDSSKSKRALGIEYRSTEETLKGAIDFFEGLGLFKQAPLWAKAA,Cryptococcus amylolentus CBS 6039,hypothetical protein,0,,,,,,,,,,,,,,,Ort-RDM-1_3,0.288,374,227,19,1,336,1,357,n.d.,n.d.,2.91,0.79372,0.6124532222747803,49.0,35.0,0.7142857142857143,414.0,49.0,0.9679999947547911,0.9739999771118164,0.9419999718666076,0.9580000042915344,0.0750000029802322,0.0350000001490116,0.039,0.036,0.875,0.896,0.3488372093023256,2.0,821.45,509.9,2.17,-0.44,12.0,5.0,7.0,3.0,2.0,0.0,0.515,3769.0
Ort-RDM-20,0,KIW91465,MKVLLTGGSGFLAAHCLNELLKRGHDVVVTVRSDEKGHYLQELFKGKSVSYTIVKDIAVEGAFDEAVKADPPFEAVVHTASPFHFKVTDNKKDLLDPAIDGTTGILNAIHKSAKSVKHVVITSSFAALSNYRNPPAVYNEEIWNDMTMEEALAAPDPQAAYRASKKFAEKAAWDFVKTENPNFTLTSLNPPMIYGPVLHQVTSLEELNTSSLRILNLYRGTPRSGPVGSPIHVDVRDLALAHVLAIERPQAANQRFFVAAQMATEKQLREVMEDAFPEIKGNLRDELVDKLPLYGIDNKKSIQVLGITYRPLKETIVDAVESLKALGG,Cladophialophora bantiana CBS 173.52,hypothetical protein,1,0.1,0.0,0.0,,2.1,0.0,100.0,0.0,0.1,-100.0,0.7,2.9,-62.4,,Ort-RDM-1_3,0.322,305,205,0,10,314,3,305,6.448E-27,106,2.1,0.88196,0.5322514176368713,48.0,29.0,0.6041666666666666,385.0,48.0,0.975000023841858,0.9810000061988832,0.9509999752044678,0.9610000252723694,0.0630000010132789,0.0570000000298023,0.038,0.026,0.895,0.915,0.3695652173913043,1.0,554.26,418.22,2.64,-0.31,10.0,4.0,10.0,0.0,2.0,0.0,0.282,2566.0
Ort-RDM-21,0,KFA63262,MEQRIMITGITGYIGFQTLVLALSRGYRVRGIVRSDANVADLKTKSPLISSSHEEGRLDFAIIPDFLQPGALDSVLDGITAIVHLASPLAYGIDGDFENTVVKPAVSMVTVVLEAAAKVPSVRRIVITSSSVTLIPFEWNMSPNIEDINSDLEGPFEDAMSAYWASKALARAAARDFVKQHRPDFDIVQLLPSVVIGRDDRIPAGGDLDILLQGTRKAVLAPALDESLNSPFPYVGVPVHVADVARAHVDAVNTQRIPGNTEFILSSDTPEGVVWDRDIPCIARKYFPGKVQDGTLALQGSLPCVKFRLDGMTTESTFDWKFTSFQETMKGLIEQYIQLKEEA,Stachybotrys chlorohalonatus IBT 40285,hypothetical protein,0,,,,,,,,,,,,,,,Ort-RDM-1_3,0.298,286,195,0,10,288,5,290,5.382E-22,91,2.78,0.80346,0.9058247804641724,45.0,33.0,0.7333333333333333,n.d.,n.d.,n.d.,n.d.,n.d.,n.d.,n.d.,n.d.,n.d.,n.d.,n.d.,n.d.,n.d.,n.d.,526.61,305.65,1.32,-0.47,9.0,4.0,7.0,0.0,1.0,0.0,0.479,3053.0
Ort-RDM-22,0,OPB45484,MAGDLVLLTGATGFIGFRTLVLLLEAGYKVRAAVRNVAGFERIKALKSAAPYVSQIEHIVVPDITVPGAYDEAVKGVKYVVHVASPFSSPDLVQSDYESSFIQPAVKGTVGMLDSAITAESVKRVVITGSILSITGLAVYGPDVIVDENHRTAVTTGPFPSWIAAYAASKALALEATKEWMTKHNPPFDLITIEPVFVLGRDETAKDVDSLLRGPNATLIGPMTGKPQPIPLPCNPVHVDDVAFMHVRALDPSVPGNEDYLSCAHSLQRVKWDESFDIVKKHYPKECAEGIFKVDTAVRPKTLDKIVDTTKAEKAFGITFKSFEEQILSVTGQYLELIGQK,Trichoderma guizhouense,reductase,0,,,,,,,,,,,,,,,Ort-RDM-1_3,0.307,302,204,0,7,308,3,297,5.382E-22,91,2.34,0.84039,0.5380350351333618,46.0,20.0,0.4347826086956521,n.d.,n.d.,n.d.,n.d.,n.d.,n.d.,n.d.,n.d.,n.d.,n.d.,n.d.,n.d.,n.d.,n.d.,643.25,458.91,1.86,-0.33,13.0,6.0,5.0,1.0,3.0,0.0,0.394,2905.0
Ort-RDM-23,0,CCG24478,MTAKVIVSGGTGFIAQHILEQLLNHNYNIVTTVRSQAKGDHLLQLFNSPSTLSYEIVEDVGKPGAFDQVLQKNQDATVFLHTASPFHFKATDIAKELLEPAVEGTKNALKAIQKYGKNIKNVVITSSFAAVGTASKTTDPNYTFTEQDWNEIKWDEAVQNAVSGYRGSKTFAERAAWDFIKENDSQFSLTTVNPGFTFGPQLFTSEVKDQLNTSSEVINSILKLKPTDSIPTFRGTWVDVRDVAKAHVVAFENPKAKNERLILTAGSFTEQSIVDLINAKFPDLNLPKGEPGTDEQVIKEKLATVDNSKTRQILGFKFIDLGKSVIDSVQQILEAKKSRSGAL,Candida orthopsilosis Co 90-125,Gre2 protein,1,0.1,0.0,0.0,,5.5,0.0,100.0,0.0,2.4,-100.0,5.2,0.0,100.0,48.0,Ort-RDM-1_3,0.294,310,215,0,10,314,5,314,7.763E-25,100,2.5,0.8416,0.432827353477478,45.0,28.0,0.6222222222222222,n.d.,n.d.,n.d.,n.d.,n.d.,n.d.,n.d.,n.d.,n.d.,n.d.,n.d.,n.d.,n.d.,n.d.,312.98,243.54,1.41,-0.4,4.0,5.0,7.0,0.0,1.0,0.0,0.317,2000.0
Ort-RDM-24,0,OAL74534,MAFADSDLIVVTGANGHVAQHVVSQLLSFHAPVRIRGTVRSSMVAQKLYAAFEPFVSSGRLEIVIVPDLTVDGAFDDATQGATHVAHIASPLNMAPENVENDLLIPAIKGNVCILESIMKQIGIKAVVITSSFVAAFDARHGFREGYTYSSADWNPISYDEAADPMHDMSQYPEMWRPWITYMASRKFAEKAAWDFYRKHQPTWALSTLLPSFIGGPFVLPLTKGTDGLTFSTGLIRRTALGGEPLFRNGFPYWVDVRDVAKAHIQALITPAAWGQRLMLGPWPLLFSDIARIVREHYPEMNPSREKKQQVHHYSIDSGSSLSILGIDSWISPEQMSIDLIKQLKWIGLGDAL,Trichophyton violaceum,hypothetical protein,0,,,,,,,,,,,,,,,Ort-RDM-1_3,0.33,327,212,0,10,327,9,335,8.654E-39,141,2.35,0.84556,0.4767171442508697,46.0,33.0,0.717391304347826,n.d.,n.d.,n.d.,n.d.,n.d.,n.d.,n.d.,n.d.,n.d.,n.d.,n.d.,n.d.,n.d.,n.d.,497.23,350.34,2.33,-0.53,8.0,6.0,7.0,0.0,2.0,0.0,0.512,2793.0
Ort-EZM-1,0,ABN68180,MTTVFVSGANGFIGQHTVQQLLEAGYTVIGSVRSQEKGKKLSTALKSDKFSFVVIPNIADVGAFDKVLDDNKQITTFLHIASPFRFNVQDIEKEILIPAIEGTRNVLTSIKDHAPQVTKVVVTSSDAAARENDDKNPDLTLDESVWSKATYESSKHDPVAAYLGSKPLAEKLAWKFVEEEKPNFKLITVLPSYTFGPQIDDSLVLKDLNSSSKVFEEIITSNPDSQLYTHNGSFVDVRDAAKAHLVAFQNDEAIGKRLILSSNRFTSQTIRDILLKEFPQFKGQIFEGVPGEDIEDIKQMPVLNYSQTNNILGFKFRDIKTSSVDAVAQLLRVRDA,Scheffersomyces stipitis CBS 6054,2,1,0.0,0.0,0.0,,0.1,0.8,-70.5,0.5,0.1,72.9,0.0,3.0,-99.3,34.1,Ort-RDM-1_3,0.332,279,185,0,8,286,2,279,3.188E-28,110,2.24,0.85831,0.4036868810653686,46.0,31.0,0.6739130434782609,n.d.,n.d.,n.d.,n.d.,n.d.,n.d.,n.d.,n.d.,n.d.,n.d.,n.d.,n.d.,n.d.,n.d.,734.4,491.91,2.02,-0.15,11.0,4.0,11.0,1.0,4.0,0.0,0.488,3333.0
Ort-EZM-2,0,EJS41804,MSVFVSGANGFIAQHIVDLLLKEDYKVIGSARSQEKADGLIRAFGNNPNFSMEIVKDISKLDAFDHVFQKHGKDIKIVLHTASPFCFDVTDNERDLLIPALNGVKGILNSIKKYAANSVERVVLTSSFAAVFDITKESDKSVTFNEESWNPATWESCQCDAINAYCGSKKFAEKAAWDFLKENRDSVKFQLTAINPVYVFGPQMFAEDVKKHLNTSCEMVNNLMHLSPEDKIPEMFGGYIDVRDVAKAHLVAFQKNETIGQRLIISEARFTMQDILDVLNEDFPVLKGKIPVGKPATGATHNTLGATLDNTKSKKLLGFKFRNLKETIDDTASQILKFEGRL,Saccharomyces arboricola H-6,gre2p,1,0.0,0.0,4.3,-100.0,1.8,2.3,-10.2,1.0,1.2,-9.2,5.9,0.0,100.0,42.5,Ort-RDM-1_3,0.293,279,193,0,10,283,3,281,6.900E-15,69,2.52,0.8343,0.4087386131286621,46.0,30.0,0.6521739130434783,n.d.,n.d.,n.d.,n.d.,n.d.,n.d.,n.d.,n.d.,n.d.,n.d.,n.d.,n.d.,n.d.,n.d.,474.98,378.33,1.39,-0.25,10.0,6.0,9.0,0.0,2.0,0.0,0.294,2199.0
Ort-EZM-3,0,EMG50733,MTSTSVFVSGASGFIAQELVKQLIQKGYRVVGTVRSSEKGESLQKNLSAAGLPSDNFQYEIVKDIAVKGAFDNALEKHPEVTVFLHTASPFHFNVTDIEKELLIPAVEGTKNALNAIKAHGPQITKVVVTSSFAAIGDFGQYLDTSKTFSEDTWNGLTYEQAKGDPLSGYVGSKKFAEQTAWDFVKQEKPNFTLSTVNPVYVFGPQAFEIKDKSQLNTSSELINSVLKLKPTDEVANDYTGYFIDVRDVAHAHIVGFEKKEAEGQRLFLANTAFSYQTILNQVRDDFPQLDDKLPKGNPDDADKWKKTEAPIDNQKTRDILGFKFIDFKKSIDDSVAQIIA,Candida maltosa Xu316,putative oxidoreductase,1,0.0,0.0,6.3,-99.7,3.5,0.9,60.5,0.2,2.4,-83.2,6.1,0.0,100.0,37.6,Ort-RDM-1_3,0.295,318,216,0,8,314,4,321,5.261E-26,103,2.53,0.86043,0.5044511556625366,44.0,31.0,0.7045454545454546,n.d.,n.d.,n.d.,n.d.,n.d.,n.d.,n.d.,n.d.,n.d.,n.d.,n.d.,n.d.,n.d.,n.d.,626.62,461.49,1.8,-0.28,10.0,5.0,9.0,0.0,2.0,0.0,0.288,2901.0
Ort-EZM-4,0,EMG50559,MSTTVFITGATGYIAQHIVKQLLAKGYKVIGSVRSQEKGEDLQKLVESDDFQYVVVPNMTEPGAFDSVLKDYPEITVFIHTASPVTFISDDIKRDILHPAVDGTINVLAALKKYGDNIQRFVYTSSSVAVYPQGFGDTERRILTEKDFNPITIDQVHDAEGAYAAGKTFAEKAVWEFVEQESPKFKVSTVNPSYNFGPQAFEVKDKSQLNFSAEVINSVLKTKSNEELPPLAGDFIDVRDVARAHLAAFEKDEAIGQRLVLASEHFTNELIAHLIKQEFPDIDIPEGNVVKSEEQLQGLLWQLDTTKTEKILGFDYIPLDDSVVDTVEQILSVE,Candida maltosa Xu316,hypothetical protein,0,,,,,,,,,,,,,,,Ort-RDM-1_3,0.309,327,225,0,8,334,3,328,4.363E-33,124,2.69,0.85041,0.3232283294200897,47.0,29.0,0.6170212765957447,391.0,47.0,0.977999985218048,0.9800000190734864,0.9520000219345092,0.9729999899864196,0.1019999980926513,0.0219999998807907,0.025,0.014,0.923,0.946,0.5227272727272727,0.0,638.71,479.83,1.97,-0.12,10.0,6.0,14.0,0.0,3.0,0.0,0.336,2956.0
Ort-EZM-5,0,CCG22285,MSIFVSGATGFIAQHIVRQLIGANYKVIGSVRSNEKGERLLLNLEESQLQADNFQFEVVEDIGTEGAFDKALSSHPDVEVFIHTASPVKFDVNDIKKDLLDPAIYGTTNALKAIQKHGQNIKKVVVTSSLATVAGSRTVLKQGESVTEQNWNPVTWEEALKDVSDGYAGSKKFAEETVWQFVKNEIPRFTVTTILPGVVFGPQAFSNFDKDGLNYSSEVINKLLKLKPHNEVPQGAGLFVDVRDCAKAHIVAFQKDDAANKRLFAVAGRYNNQEVIDIIRSNFDELDQILPKGNPEDAKKYSPRSDRYDQSVTRSVLDFEFIGLEKSVVDTVTQLLDD,Candida orthopsilosis Co 90-125,hypothetical protein,1,0.0,0.0,2.5,-100.0,5.4,0.0,100.0,0.0,2.5,-98.4,2.9,1.8,23.4,,Ort-RDM-1_3,0.31,326,220,0,10,329,3,328,1.900E-24,98,2.73,0.84391,0.5383805632591248,44.0,34.0,0.7727272727272727,n.d.,n.d.,n.d.,n.d.,n.d.,n.d.,n.d.,n.d.,n.d.,n.d.,n.d.,n.d.,n.d.,n.d.,333.29,228.15,1.41,-0.43,7.0,3.0,6.0,0.0,1.0,0.0,0.314,1542.0
Ort-EZM-6,0,EER34926,MSSSTNSTTVFVSGASGYIAQEIIKQLIQKGYKVVGTVRSNDKGDSLKENLKAAGLPSENFSYEIVKDIAVKGAFDEALKAHPEVTVFLHTASPFHFNVSDIEKELLLPAIEGTKNALQAIKTYGPQIKHVVVTSSYVAVGSFFELTDPSQTITEKDWNPITYESAKEHPGKGYFGSKTFAERALWDFVEKEKPNFTVSTVNPAYVFGPQAFEIKNKSQLNTSVELINSVLKLDKDNNDFENQSGYFTDVRDVAKAHIVGFENEKAYGERLLLIEDGFTLQTILNQVRKDFPSLAEKLPVGNPENADNWKKVSHKIDNSKTRELLGYDFIDFKKSVDDTVAQIIA,Candida tropicalis MYA-3404,hypothetical protein,1,0.0,0.0,0.0,-100.0,6.0,0.0,100.0,0.0,2.6,-97.7,6.0,0.0,100.0,44.2,Ort-RDM-1_3,0.314,335,224,0,6,333,6,340,1.562E-29,114,2.54,0.85022,0.4371258318424225,47.0,29.0,0.6170212765957447,402.0,47.0,0.9850000143051147,0.9869999885559082,0.968999981880188,0.9850000143051147,0.0480000004172325,0.006000000052154,0.018,0.008,0.937,0.979,0.3777777777777777,0.0,476.06,394.51,1.4,-0.18,12.0,7.0,8.0,0.0,3.0,0.0,0.32,2192.0
Ort-EZM-7,0,EEQ38647,MTQVFLSGANGFIGAQIAKHLVEKGYDVIGSVRSTEKGEKLKKQLGSAFTYEVVPSFLEEGAFDTALKKHPEVTAFLHSASPVIFQSDDPENDVLLPAIQGTLNALKSAHQYGPNIQKFIYTSSSAAMYDYRKRVNVTESSWNDVTYEEAKKNSGSLYGGSKTFAEKVAWEFIDKEKPSFTLTTVNPVYVFGPLAFDDDAVDSFTSSSSYLPKVLKTKKNESVFEAKGTGVDVRDVVALHIAAVENDLSGKRLLASCQYWDTQIMLEFIKKTYPELGKDLPEGSPGSIEEGRNSVSTFDNSETTRLVGIKWTPLDKSFKDAVDQILRAKEGR,Clavispora lusitaniae ATCC 42720,hypothetical protein,1,0.0,3.2,1.1,48.6,1.8,2.6,-17.7,0.0,2.6,-97.7,4.9,0.1,96.4,39.3,Ort-RDM-1_3,0.327,305,204,0,10,314,4,307,1.232E-31,120,2.17,0.85733,0.3788840770721435,47.0,33.0,0.7021276595744681,389.0,47.0,0.9739999771118164,0.9760000109672546,0.9610000252723694,0.9679999947547911,0.0370000004768371,0.0240000002086162,0.027,0.023,0.917,0.929,0.4390243902439024,0.0,640.66,479.54,2.06,-0.11,8.0,7.0,10.0,0.0,2.0,0.0,0.267,2946.0
Ort-EZM-8,0,OIW25712,MSLVQLMMQSQRASSRGKVLLTGGSGFIASHILDQLVDQGFNVVVTVRSEEKGQRIVDTYQGAAKENVSYVVVEDITKEGAFDAAVKSQPPFDYVIHTASPYHLNPQDPVKDFLDPAIKGTTGILHSINAHAPTVNRVVFTSSSAAILNPKQHADVYDETHWAPMTWDEALQPTNAYRASKIYAEQAAWKFVEVEQPGFDLATINNTYTFGPLQRHLSRLEAMNASNHRIRDLVQGKMKEALQPTAPVFTFVDVRDVAFAHVRALTVPEAGGSRFYVVGGHFSNKKIADVIRDAFPQLADRLPPRDAPDDFPEKVYRFDNAKSREVLGLEYTSFEKSVRDTVQSILDSGLLGSEVRN,Coniochaeta ligniaria NRRL 30616,NAD(P)-binding protein,0,,,,,,,,,,,,,,47.1,Ort-RDM-1_3,0.293,325,229,0,10,334,19,343,2.890E-26,104,2.37,0.82255,0.3242444694042206,51.0,24.0,0.4705882352941176,414.0,51.0,0.977999985218048,0.9819999933242798,0.944000005722046,0.975000023841858,0.0930000022053718,0.0209999997168779,0.037,0.016,0.893,0.96,0.5,4.0,668.3,485.47,2.07,-0.03,9.0,4.0,13.0,0.0,3.0,0.0,0.397,3025.0
Ort-EZM-9,0,ANZ74293,MVSKVLLTGASGYIAQHVTSELLSHGFQVVGTVRRQEQADQLHKQFSEEVPALQKNPFLLTYVLVPEIGAPDAFDEVLQSTPDITYVLHTASPFNFKDEGPLEDVYLKPAVEGTRNILSAVKKFANDYVKNVVVTSSFASVMNVDKFEDKSFIHTEKVWNNNTWDQTKGGDKVVAYVISKKEAEKAAWDFVEKEKPNFKLTTVLPPYVFGPQKFDISAKKESLNTSAEIVGSLLHTKYPSDDKLFDDSVNISADVRDVALYHVLPLLNADLASKRLIVVQGKFSTQRILNIINEHIPELKGKIAVGKPEGAAKLEALKAPEYNNSVTIGLTGVDPIPLTKTIVDSVEQILRANK,Komagataella pastoris,BA75_00474T0,1,0.0,0.0,5.2,-100.0,0.7,3.8,-70.7,0.7,1.6,-42.0,5.6,0.0,100.0,,Ort-RDM-1_3,0.309,296,193,0,8,287,3,298,2.059E-23,95,2.48,0.82396,0.4307631552219391,46.0,33.0,0.717391304347826,n.d.,n.d.,n.d.,n.d.,n.d.,n.d.,n.d.,n.d.,n.d.,n.d.,n.d.,n.d.,n.d.,n.d.,486.65,402.48,1.55,-0.25,11.0,5.0,10.0,0.0,2.0,0.0,0.349,2241.0
Ort-EZM-10,0,CCA40817,MPGERVLLTGASGFIAQHITDVLLSKGYRVLGTTRRQEQADQLTQQFTAEYPKIAEDKSLLQFHLVPDIGTDNAFDEVLKQNPDIDFVLHTASPFYFGDDRPLKEVYLHPAVGGTENILNAIQKYASDNIKKVVVTSSFASVVNMDKFKDKRFIHNEDTWNPLTWEQAEVEGETSAYRASKKYAELAAWDFVKKESPKFSLTTILPPFVFGPQKFSSSAAKGTLNTSAEIVNKFLSTEYPSDDKFFDAPTHLSVDVRDVALYHVLPLEINALANKRLFTVQSKFSGQRILNILNENFPELKGKIAVGQPEKTAQNEAANGPEYNNSLTVALGGVEFRSLETTIIDSVKQILESAK,Komagataella phaffii CBS 7435,Aldehyde reductase,0,,,,,,,,,,,,,,,Ort-RDM-1_3,0.306,329,212,0,7,313,3,331,6.448E-27,106,2.44,0.82226,0.5050588846206665,48.0,32.0,0.6666666666666666,412.0,48.0,0.9769999980926514,0.9850000143051147,0.962000012397766,0.977999985218048,0.0460000000894069,0.0149999996647238,0.027,0.017,0.915,0.955,0.4222222222222222,1.0,635.9,463.09,1.81,-0.22,10.0,5.0,10.0,1.0,3.0,0.0,0.401,2932.0
Ort-EZM-11,0,EDK43723,MSTTVFVSGATGFIAQHIVKQLLEDNYKVIGSVRSSEKGEHLKSLLANAGLKAENFSYEIVKDIAAKGAFDEALKAHPEVTVFLHTASPFHFNVQDVEKELLKPAEEGTTNALNAIKEYGKNVERVVVTSSYAAITGFADLATPGKTVDESSWNPITKEQSLRDPFNGYIGSKKLAEQIVWKYVETNKPKWGVSVVNPTYVLGPQTFEVKDKSALNTSNELINGILKAGKDHSQPQQVTGYFIDVRDVAKAHIVAFQKEDAIGQRLLLAAGPVTTEKILNIIKKDFSQIELPTLNESEKPDWDKIESIINNDKTKKILGFKFIDLEKSVDDTVSQIVN,Lodderomyces elongisporus NRRL YB-4239,conserved hypothetical protein,1,0.0,0.0,5.9,-100.0,2.3,1.7,14.7,2.4,0.6,58.8,4.6,0.0,100.0,42.7,Ort-RDM-1_3,0.313,331,223,0,8,333,3,333,1.063E-27,108,2.08,0.86802,0.4178274273872375,46.0,28.0,0.6086956521739131,n.d.,n.d.,n.d.,n.d.,n.d.,n.d.,n.d.,n.d.,n.d.,n.d.,n.d.,n.d.,n.d.,n.d.,332.21,268.18,1.37,-0.39,4.0,5.0,7.0,0.0,1.0,0.0,0.346,1992.0
Ort-EZM-12,0,EDK41009,MTTSVYVSGASGFIAQHVVQQLIEKGYHVVGSVRSKAKGELLVSQFGSSFEYEIVEDIAKSGAFDESLKKHPEVTVFLHTASPFHFEATDIEKELYIPAVEGTTNALKAIEQYGQSITRVVVTSSFAALINLDRESDPTLTYTEEDWNPLSKEDGLKNAWLGYVVSKKLAEKVAWDFVKEAKPKFDLTVVNPTYVYGPQAFQSGIKDKLNTSSELINSALKMGPNDEVPPVTGPYIDVRDVAAAHLVAFEKDEAKNQRLVMADGRFTYQDFLDIIHKHFPQLSKNLPVGKPGSSKEQLANSAKLNFSKTEKILGFKYIGLEQSVVDSVKQIVETEK,Meyerozyma guilliermondii ATCC 6260,hypothetical protein,1,0.0,0.0,5.4,-99.3,4.7,0.3,86.8,0.0,2.6,-98.4,4.5,0.0,100.0,45.9,Ort-RDM-1_3,0.318,322,219,0,8,329,3,324,1.586E-26,105,2.36,0.86146,0.4164470136165619,44.0,30.0,0.6818181818181818,n.d.,n.d.,n.d.,n.d.,n.d.,n.d.,n.d.,n.d.,n.d.,n.d.,n.d.,n.d.,n.d.,n.d.,611.28,434.28,1.75,-0.24,10.0,5.0,9.0,0.0,3.0,0.0,0.341,2828.0
Ort-EZM-13,0,EDK41061,MSTTVFVSGATGFIAQHVIKQLIEKNYKVVGSVRSKEKGDQLVSKFGDSFQYEIVSDIGKSGAFDEALKKHQDVTVFLHTASPFHFNTDNVEKDLYQPAEEGTNNALKAIEKYGPQVKHVVITSSFAAVLDSKREKDPSLTYTEENWNPMTREEGTENAFSGYMVSKKLAEKAAWDFVEKSKPNFVLTSVNPTYVFGPQAFDSDIKDSLNTSSELINAALKLKPGEELPTYTGPYIDVRDVAEAHLVAFEKEDAKNQRLVLADGRFTFQDFLDIIHKNFPEKAKAKNIPLGNPGSSKKDLANAAKLNFAKTDKVMGIKYIDLEKSVVDTVKQIFDAEK,Meyerozyma guilliermondii ATCC 6260,hypothetical protein,1,0.0,0.0,5.5,-100.0,6.0,0.0,100.0,0.1,2.1,-95.4,2.6,0.0,100.0,43.7,Ort-RDM-1_3,0.326,324,216,0,8,329,3,326,1.435E-27,108,2.44,0.85267,0.5050570964813232,46.0,33.0,0.717391304347826,n.d.,n.d.,n.d.,n.d.,n.d.,n.d.,n.d.,n.d.,n.d.,n.d.,n.d.,n.d.,n.d.,n.d.,543.67,413.82,1.73,-0.26,10.0,5.0,9.0,0.0,2.0,0.0,0.295,2517.0
Ort-EZM-14,0,KIO03511,MPAIQPPSKVLVSGANGYIAMWVIRDLLEHGYSIRGTVRSTKKGEYVKKYFAGYGVKLEIVVVEDITKEGAFDEAVKGVDAIAHIASPVYMPGDMVEPALKGTTGMLRSALQFGHTHSQSIKRIVYTSSAAAIPGEMNRPAVFTEEDWNFQVVDLLKEQGENASDVTKYRASKTLAEQGAWSFVKEHQHEISWDMTALNPTYVFGPSIHEVTDPTSLNFSAKLFYDRVADSTKSDEVEEQLLINTFFTWVDVRDLAVAHRRALEVQEAGAERIIISAGPWRWQDFMDTANLLDPPPQLSKPLPKGLPGTVSQHACMYDFDNTKSQRILGMKYRSMVEMTRDTFADYEARGW,Pisolithus tinctorius Marx 270,hypothetical protein,0,,,,,,,,,,,,,,,Ort-RDM-1_3,0.331,328,209,0,1,314,1,328,8.332E-35,130,2.88,0.82955,0.5883694291114807,50.0,36.0,0.72,408.0,50.0,0.9789999723434448,0.9850000143051147,0.9610000252723694,0.9739999771118164,0.050000000745058,0.0299999993294477,0.028,0.015,0.913,0.96,0.4878048780487805,3.0,718.85,514.98,2.96,-0.23,14.0,6.0,8.0,1.0,4.0,0.0,0.375,3324.0
Ort-EZM-15,0,POY72851,MPVIEKGSLVLISGPSGYLGAHCAEELLKHGFRVRGTVRSQDKGEYLVDLFEKYGRDKFEYVIVEDVEAPGAFDKAIKGVDAFLHTASPFHFNAPDPYKDLINPAVNGTLNALKSAKSEPSVKRVVITASFACIVEPKDPGTYVFTEKDWNEYSPKQVEEHGKDAEASQSYRASKTLAERAAWKFVEEEKPQFDITTIQPPLIFGPVIHQVPSPDKLNTSVNNFYQFLVGNKSAEDAQNGFGSYVDVRDVAKIHVESLLNDHAGNQRFLVATTDSSYQPLLDTYFNNASDDLKSAFPKAQQGKPGNSKPKANTIDTSKAQKTFNWKPIAEKDTVIDMVESLAKYQKERWSK,Rhodotorula taiwanensis,hypothetical protein,1,0.0,0.0,0.6,-100.0,6.0,0.0,100.0,0.0,1.8,-97.8,2.1,0.9,38.5,38.6,Ort-RDM-1_3,0.381,258,156,0,1,253,1,258,1.170E-42,153,2.53,0.84891,0.5125371813774109,46.0,35.0,0.7608695652173914,n.d.,n.d.,n.d.,n.d.,n.d.,n.d.,n.d.,n.d.,n.d.,n.d.,n.d.,n.d.,n.d.,n.d.,574.56,419.5,1.79,-0.22,11.0,3.0,9.0,0.0,3.0,0.0,0.32,2657.0
Ort-EZM-16,0,EIW07406,MSVFVSGANGFIAQHIVDLLLKEDYKVIGSARSQEKAENLTEAFGNNPKFSMEVVPDISKLDAFDHVFQKHGKDIKIVLHTASPFCFDITDSERDLLIPAVNGVKGILHSIKKYAADSVERVVLTSSYAAVFDMAKENDKSLTFNEESWNPATWESCQSDPVNAYCGSKKFAEKAAWEFLEENRDSVKFELTAVNPVYVFGPQMFDKDVKKHLNTSCELVNSLMHLSPEDKIPELFGGYIDVRDVAKAHLVAFQKRETIGQRLIVSEARFTMQDVLDILNEDFPVLKGNIPVGKPGSGATHNTLGATLDNKKSKKLLDFKFRNLKETIDDTASQILKFEGRI,Saccharomyces cerevisiae CEN.PK113-7D,Gre2p,1,0.0,0.0,5.8,-100.0,0.0,4.7,-100.0,1.2,1.5,-11.9,5.5,0.0,100.0,46.3,Ort-RDM-1_3,0.326,365,211,19,1,336,1,342,n.d.,n.d.,2.57,0.83337,0.3498759269714355,47.0,29.0,0.6170212765957447,399.0,47.0,0.9829999804496764,0.9869999885559082,0.9710000157356262,0.9810000061988832,0.0309999994933605,0.0170000009238719,0.018,0.007,0.939,0.969,0.3333333333333333,0.0,332.86,261.01,1.44,-0.41,6.0,5.0,6.0,0.0,1.0,0.0,0.321,2046.0
Ort-EZM-17,0,KOH48093,MSVFVSGANGFIAQHIVDLLLKEDYKVIGSARSQEKAENLTEAFGNNPNFSMEIVPDISKLDAFDHVFQKHGKEIKIVLHTASPFCFDITDSERDLLIPAVNGVKGILHSIKKYAADSVERVVLTSSYAAVFDMAKENDKSLTFNEESWNPATWESCQSDPVSAYCGSKKFAEKAAWEFLEENRDAVKFELTAVNPVYVFGPQMFDKDVKKHLNTSCELVNSLMHLSPEDRIPELFGGYIDVRDVAKAHLVAFQKRETIGQRLIVSEARFTMQDVLDILNEDFPVLKGNIPVGKPGSGATHNTLGATLDNKKSKKLLGFKFRNLKETIDDTASQILKFEGRI,Saccharomyces cerevisiae,hypothetical protein,1,0.0,0.0,6.0,-99.7,0.0,4.9,-100.0,0.8,1.6,-35.3,5.7,0.0,100.0,47.9,Ort-RDM-1_3,0.332,365,209,19,1,336,1,342,n.d.,n.d.,2.57,0.83311,0.3679481148719787,46.0,29.0,0.6304347826086957,n.d.,n.d.,n.d.,n.d.,n.d.,n.d.,n.d.,n.d.,n.d.,n.d.,n.d.,n.d.,n.d.,n.d.,332.86,257.47,1.42,-0.43,6.0,5.0,6.0,0.0,1.0,0.0,0.315,2053.0
Ort-EZM-18,0,ABN66052,MTSVFVSGATGFIAQHVVKDLLAKNYTVIGSVRSASKGDHLAELLGSKKFSYEVVEDIEKEGAFDAALEKHPEVSVFLHTASPFHFKATDNEKELLLPAVNGTKNAFRAIQLHGKNVTNVVLTSSYAAVGTASKDANKDEVINEESWNEITWEEALKDPVSGYRGSKTFAEKAAWEFLKENNPKFVLSVVNPTFVFGPQAFDSEVKDSLNTSSEVINALLKSGANGVVPPVKGGFVDVRDVSSAHITAFEKEAAYGQRLILNSTRFTAQEIVDILNKRFPELVGKIPVGEPGTGPSLRANNATIDNTKTKKILGVSEFIGLEKSVVDSVSQILRTRK,Scheffersomyces stipitis CBS 6054,NADPH-dependent methylglyoxal reductase GRE2,1,0.0,0.0,0.1,-84.6,6.3,0.0,100.0,0.0,2.4,-97.6,6.3,0.0,100.0,45.5,Ort-RDM-1_3,0.337,324,213,0,8,329,2,325,9.550E-29,111,2.23,0.85771,0.4515641927719116,45.0,31.0,0.6888888888888889,n.d.,n.d.,n.d.,n.d.,n.d.,n.d.,n.d.,n.d.,n.d.,n.d.,n.d.,n.d.,n.d.,n.d.,324.22,247.63,1.47,-0.49,5.0,4.0,7.0,0.0,1.0,0.0,0.317,2089.0
Ort-EZM-19,0,EGW33294,MTSSTVFVSGANGYIAQHIVKQLLAKNYKVIGSVRSQSKGEDLASLVNNSNFSYVVIPSISDKDAFYEVLQKHPEITVFLHTASPVTFEVDDVERDLLRPAIDGTVNALAAIKKYGPQIERVVITSSGGAVLGFDNYFESDKIYDEESWNPITYEESKSSGPVNGYFGSKKFAELAAIEFVETEKPNFDVTFVTPVYNFGPQAYEVKDKSKLNVSAEVVNTVLKFKKGDAIPEFGNIFADVRDVARAHIVAFESENSKGKRLLVGTDNFTYDTIAYIINKHFPEVEIPQGDLSKNEAIYKSMVQKYDNSKTNAILGFDLIGLEQSIVDTVKQLLV,Spathaspora passalidarum NRRL Y-27907,hypothetical protein,1,0.0,3.7,3.7,-0.1,5.4,0.0,100.0,0.3,2.4,-74.7,5.5,0.0,100.0,36.8,Ort-RDM-1_3,0.307,323,222,0,8,329,4,326,3.168E-25,101,2.55,0.85834,0.3471596539020538,46.0,31.0,0.6739130434782609,n.d.,n.d.,n.d.,n.d.,n.d.,n.d.,n.d.,n.d.,n.d.,n.d.,n.d.,n.d.,n.d.,n.d.,591.84,430.3,1.48,-0.19,11.0,5.0,12.0,0.0,2.0,0.0,0.343,2736.0
Ort-EZM-20,0,EGW32584,MTSTSVFVSGANGFIAQHIIKQLLAKGYTVIGSVRSHQKGEQLKSLIQNDKFSFEIVASLTEKNAFDEVLKKHPEVTVFLHTASPVTFAVEDIEKDLLKPAIVGTVNALNAIKRYGPQIKKVVITASAVNIFGFGPYFDGEQVYTEDDWNPITYEESLENPFFGYLGSKKYAELAAQAFATKENVNFDISFVTPPFVFGPQAYVVKDKANLNLSNEVVNSVVKLTKGDPIPADGSVFVDVRDVARAHLVAFENDEAVSQRLFTASSSYTLDTIANIINSRFPNTTVPRGDESRNEEINRSIQKFDNSRTNKILGFDYITLEESIFDTVDQIFNA,Spathaspora passalidarum NRRL Y-27907,hypothetical protein,1,0.0,0.7,5.7,-79.0,5.8,0.0,100.0,0.1,2.6,-96.3,6.0,0.0,100.0,35.4,Ort-RDM-1_3,0.286,322,228,0,8,329,4,324,4.648E-24,97,2.52,0.8546,0.3438490927219391,45.0,27.0,0.6,n.d.,n.d.,n.d.,n.d.,n.d.,n.d.,n.d.,n.d.,n.d.,n.d.,n.d.,n.d.,n.d.,n.d.,500.69,385.55,1.4,-0.21,14.0,4.0,9.0,0.0,3.0,0.0,0.32,2318.0
Ort-EZM-21,0,CCH57958,MSVLVTGATGFIAQHIVDALLKENYNVIGTARSQAKADNLLASFNSPNLSMEIVSDISDLNAFDDIFKAHANKIKYVLHTASPFHFNTTDYSKDLFIPAKNGTLGILQSIKKYAPQTVERVVVTSSQAATLDFTAPPSSKTVYTEKSWNPANEETKQMNAIMAYCTSKKIAEKAAWDFYNENKSQLKFKLSIVNPVFVFGPQLFDSSVSATLNTSCEVINQVLKTTPKDQLKKDVMGEFIDVRDVARAHLDAFTKEETIEKRLLMNNGLFSEITIGNIINNDFPQYKGKIAPVADDTDLQNDIAPYKCDNSVTKQILGWEFTSLQKSVDDTVAQILKMSK,Henningerozyma blattae CBS 6284,hypothetical protein,1,0.0,0.0,2.2,-100.0,5.2,0.0,100.0,0.1,2.5,-96.0,6.1,0.0,100.0,41.9,Ort-RDM-1_3,0.313,256,170,0,10,258,3,258,2.498E-20,86,2.67,0.82913,0.3638060986995697,44.0,28.0,0.6363636363636364,n.d.,n.d.,n.d.,n.d.,n.d.,n.d.,n.d.,n.d.,n.d.,n.d.,n.d.,n.d.,n.d.,n.d.,484.7,380.75,1.56,-0.25,9.0,5.0,10.0,1.0,3.0,0.0,0.312,2244.0
Ort-EZM-22,0,CCH60145,MSVLVTGATGYIAQHIITDLLEQNYKVIGTVRSESKGDNLVKLFNSNNFTYEVVPDISVEGAFDKVLEKNAKDIKYVLHTASPVVFEVEDLLRDIVDPAVYGTKGILNSIKKYGSKTVERVVITSSVAAIEHPDGISRDGKTITEKDWCPLTLEDAKLNSVNAYFVSKTLAERAAWEFYEENKKSGDIIFKLATVNPAYVFGPQTFDTSITGQLNFSCEIVNKVLQLKPTDKVNTNITGRFIDVRDVSKAHLLAFQKENTIEKRLVVSSELFGDQEMVNILNEKFPTLRGKIPPVGKSDELAANNLQGLIDMSETRKILGFEYISLDKSVYDTAAQILKAEGKI,Henningerozyma blattae CBS 6284,hypothetical protein,1,0.0,1.0,4.4,-62.6,6.0,0.0,100.0,1.2,1.8,-22.3,6.1,0.0,100.0,44.1,Ort-RDM-1_3,0.302,284,193,0,10,286,3,286,1.307E-21,90,2.68,0.82424,0.3851005733013153,46.0,29.0,0.6304347826086957,n.d.,n.d.,n.d.,n.d.,n.d.,n.d.,n.d.,n.d.,n.d.,n.d.,n.d.,n.d.,n.d.,n.d.,517.97,389.29,1.53,-0.23,11.0,5.0,8.0,0.0,2.0,0.0,0.359,2394.0
Ort-EZM-23,0,EDO15092,MSVLISGATGFIAQHIVGDLLDQNYKVIGTARSQGKIDKLIKQFGNNPNFQMEIVEDISKLDAFDAVFQKHGKDIKYVLHTASPFHFNTTEYEKDLLIPAANGTKGILESIKKYAAKTVERVVVTSSFAAIMDFATYNDGKTIFTEESWNPVTWEGAQANAVEAYCGSKKFAEKTAWDFLKENEGQVSFKLSTVNPVFVFGPQKFLEDAKGTLNTSCEFVNQMIHAKPTDEVTTTRDGEYIDVRDVAKAHILAMQEDKLIGKRLLMQNGPFTKQDIVNILNDKFPKLKGSIPKSNSNTDIQKATFFNNVNSDVTKNLLGFKLRTLEETIYDTAEQILKNEAQL,Vanderwaltozyma polyspora DSM 70294,hypothetical protein,1,0.0,0.0,4.3,,6.5,0.0,100.0,0.1,2.2,-95.5,6.6,0.0,100.0,41.1,Ort-RDM-1_3,0.303,365,219,20,1,336,1,343,n.d.,n.d.,2.75,0.82538,0.4337712824344635,46.0,29.0,0.6304347826086957,n.d.,n.d.,n.d.,n.d.,n.d.,n.d.,n.d.,n.d.,n.d.,n.d.,n.d.,n.d.,n.d.,n.d.,562.03,414.93,1.74,-0.27,11.0,6.0,8.0,0.0,3.0,0.0,0.327,2602.0
Ort-EZM-24,0,CCH43855,MSTKTVLLTGASGFIALHTLDQLLKRNYTVIGTVRSQDKADNITVQFKKEYPSAQLTFAIVEDIGASGAFNKVFQDHPEIEGVLHTASPFSFGLNKDFKDAYFTPATEGTKNVLEAIQNYGKNVKNVVVTSSNAAVANADKVGDKTFIHTEETWNPITWDDVDNELKAYIASKKLAEKLAWEFVAEQKPLWKLTTVNPTLVWGPQKFESSLANKTLNTSAEAINKLLSSDPNDTHFFDKPIGTSIDVRDVALLHVLPLENENVSGKRLYPIQDEFNGQRILNIINRNFPELESKIAKGSLDGADKHAEENTIYYDTSKTLEWTGIKSWIPLEETVKDSVRQILDYRSKH,Wickerhamomyces ciferrii,Dihydroflavonol-4-reductase,1,0.0,0.0,0.0,0.0,0.3,0.0,100.0,0.0,0.7,-94.6,2.4,2.1,8.3,,Ort-RDM-1_3,0.306,335,225,0,9,333,5,339,1.155E-29,114,2.57,0.83163,0.4800445437431335,46.0,32.0,0.6956521739130435,n.d.,n.d.,n.d.,n.d.,n.d.,n.d.,n.d.,n.d.,n.d.,n.d.,n.d.,n.d.,n.d.,n.d.,490.75,384.27,1.86,-0.35,11.0,3.0,9.0,0.0,2.0,0.0,0.352,2272.0
Ort-RDM-1_1,1,OQO01855,MTTTIPKGSTVLVTGVSGYIGSHVAAQLLEAGYRVRGTSRSKAKAQDLIDYFTSKYGADSITVAEVPDMVATNAYDEAVKGVSGIVHLSSVLTFSTDPEEVIPPSVSGALNILSAAMQEPGVKSLVVTSSSTAALLPQPNEKIKVKVDTWNDAALEAAYKPGVDGFTVYAASKTQAERELWKAIAKEKPHFQVATVLPNANFGTRFKVGGNSTGDWVMALAEGKDDPLQFPPQWFINVDDDAKLHVAALLDSEAAGKRLFAFAAPFTWNDVLAILRKLEPGKKLVGDRDMGEDLSEVPNGEAEALLKKHYGHGWTGLEETIKQNAGPVLIQ,Cryoendolithus antarcticus,hypothetical protein,1,0.3,5.9,0.4,87.9,0.0,4.6,-100.0,0.2,0.7,-53.7,3.0,2.5,9.4,38.7,Ort-RDM-1_3,0.468,331,171,0,2,332,3,324,6.885E-84,273,1.51,0.94642,0.4616782963275909,51.0,38.0,0.7450980392156863,388.0,51.0,0.9829999804496764,0.9860000014305116,0.9739999771118164,0.9819999933242798,0.0340000018477439,0.0089999996125698,0.017,0.012,0.954,0.968,0.6363636363636364,4.0,738.5,521.51,2.72,-0.17,7.0,7.0,15.0,0.0,3.0,0.0,0.312,3419.0
Ort-RDM-1_2,1,ORY90635,MSISSVLPAGSTVVVTGANGFVASHLVQQLLLAGYKVRGTARAASKLQNLRAKWNAEFGEGKFEALVVEDLTKIDALKEAMQGASAVAHVASDLSMSSDPNAVIPAVIAMTENILSTANATPSIKRVVLTSSTGAGAISQPGVEGIEVNEWTWNEFAKKEARATPEEDPLKGLWVYCASKTEGEQAAWAYVEKEKPHFEFNSVVPTFVMGPTILPDQVSSSAGIVKALFFGDKGYASMLPPQYFVNAEDVALVHLGALTLPSVVSQRVWSVAEPYNWDQVLAIFRKLHPSRTFVEDFQDGHDLSQIDRSKATEVLRQLGREGWRGLSETLEAAVGRE,Leucosporidium creatinivorum,Nadph-dependent carbonyl reductase from Sporobolomyces Salmonicolor,0,,,,,,,,,,,,,,,Ort-RDM-1_3,0.462,331,176,0,3,333,6,334,8.575E-86,279,1.31,0.95724,0.3253826200962066,49.0,35.0,0.7142857142857143,394.0,49.0,0.9769999980926514,0.9800000190734864,0.959999978542328,0.9710000157356262,0.0540000014007091,0.0270000007003545,0.023,0.02,0.923,0.947,0.4347826086956521,2.0,706.1,480.18,1.84,-0.24,14.0,3.0,12.0,2.0,3.0,0.0,0.299,3269.0
Ort-RDM-1_3,1,KII83904,MTVIPKGSTVLVTGFTGYIGSHVTQQLLEAGYTVRGTTRSATKATFLREKFTREYGEGRLEVVEIPDVTVEGALDEAIKGVSGVAHVASDVSMSTNVDEVVGPVVRGTLSVLRAAAATPSVKRFVLTSSSTAAGFPALGVEYTRGEDSWNDVSAEALASAEDDAGKGFRVYALSKTEGEKAAWKFVKEEKPGFVFNAVLPDSNLGPFFDPSTTPSTAGFPLAILSGQSDVLKGFPNQWFVDVRDTARLHVAALTLPSTDAPGYRLWGAAEPFTWNQLLGIVRKLRPDRDLPEHFAWETTPNLSKIDNARSTALLKELGREGWIGIEESVEGNIEGR,Plicaturopsis crispa FD-325 SS-3,hypothetical protein,1,0.2,5.8,0.0,99.7,0.0,1.0,-100.0,2.2,0.0,100.0,0.1,4.6,-97.0,42.7,Ort-RDM-1_3,1.0,336,0,0,1,336,1,336,5.041E-222,672,0.32,0.9978,0.0543166436254978,47.0,38.0,0.8085106382978723,393.0,47.0,0.9789999723434448,0.9850000143051147,0.9679999947547911,0.9769999980926514,0.0320000015199184,0.0179999992251396,0.025,0.014,0.933,0.963,1.0,0.0,671.54,482.73,1.83,-0.13,7.0,5.0,16.0,3.0,3.0,0.0,0.121,3109.0
Ort-RDM-1_4,1,OQO11810,MTPTIPKGSTVLVTGVTGFIGSHVAAQVIEAGYCVRGTSRSKAKAQDLIKYFTSKYGADSITVAEVPDMVAPNAYDEAVKGVAGIVHLSSVLTFSTNPEEVIPPSVSGALNILSAAMQEPGVRSLVVTSSSTAALLPQPNEKIRVNVDTWNDAALEAAYKPGVDGFTVYAASKTQAERELWKAIRKEKPHFQVATVPPNANFGTRFKEGGNSTGDWFINVDDDAKLHVAALLDSEAAGKRLFAFAAPFTWNDVLAILRKLEPGKKLIEDRDLGEDLSEIPNGEAEALLRKHYGYGWTGLEETIKQNAGPVLIL,Cryoendolithus antarcticus,hypothetical protein,0,,,,,,,,,,,,,,,Ort-RDM-1_3,0.438,329,169,0,4,332,5,306,6.430E-75,247,1.49,0.94361,0.5025028586387634,44.0,40.0,0.9090909090909092,n.d.,n.d.,n.d.,n.d.,n.d.,n.d.,n.d.,n.d.,n.d.,n.d.,n.d.,n.d.,n.d.,n.d.,353.59,294.6,1.29,0.07,6.0,2.0,12.0,0.0,3.0,0.0,0.298,1637.0
Ort-RDM-1_5,1,EPQ51678,MADATVTAHGGGELQTVPLGTIVLVTGANGYIGAHVVDEALSHGYVVRGVTRSEEKGRGLKQYAQAKYGADRYEAVVVPDIEAEGAYDTVIKGVAGVIHVASPVTIQGSARQAIDAAVNGTLNILKAAKSEPSVRSVVITSSSVASVLPSFEKAQKADHTTWNDVTYDELAKQGFPDGNPAAAYYASKVRAERLAWKFYDEKKPQYKLNTLLPNVNLGRPLEYPGAQAATTSAWIYDIIKGSRSVIDNVRSQWYVHVRDNAKLHVRALADPSIRSERIWAAAAVFTWPEVLRILKELHPELTLPDDPKQTKPDLTVVDNKRGEALLGGWTSLKDTLKEMGTSFP,Gloeophyllum trabeum ATCC 11539,aldehyde reductase,1,0.0,1.8,0.5,53.5,0.0,4.0,-100.0,2.0,0.0,100.0,0.0,5.4,-100.0,49.3,Ort-RDM-1_3,0.399,326,192,0,4,329,17,336,8.206E-69,229,1.8,0.90385,0.3535272777080536,48.0,34.0,0.7083333333333334,401.0,48.0,0.9670000076293944,0.9789999723434448,0.9240000247955322,0.962000012397766,0.1059999987483024,0.0370000004768371,0.057,0.033,0.789,0.909,0.6444444444444445,1.0,658.37,438.03,2.13,-0.11,12.0,5.0,12.0,0.0,3.0,0.0,0.283,3044.0
Ort-RDM-1_6,1,KZP19295,MSIIPKDSLVLVTGANGFIAAHIVNTLLAEGYRVRGTARAASKIAALKAFWDETYGPERFETAVVEDMAKDGAFVEALKGVAGVVHVASIMLDADSIWLNPALVIDTVVNTNLFLLRASAAQPTVKSFVYTSSAGAAGLPKLDVEYDVGEDTWNTESIQKAYNLPADDPSRPLHAYCASKALSEQAAWKFYKEEKPSFVFNTVLPSMNIGPPVGPADPRSSSALISTFFDGDFSMMHWVTPQHYIDVRDTAELHMHALTSTRLPADGVRILASGSSLNANDLLQILRDLYPERSFPPDIEGMGRDLTRVDQKRAVELLGRFRGLKDAVKANAENL,Athelia psychrophila,NAD-P-binding protein,0,,,,,,,,,,,,,,,Ort-RDM-1_3,0.415,334,194,0,1,334,1,333,1.532E-68,229,1.25,0.95615,0.3074631690979004,50.0,36.0,0.72,392.0,50.0,0.972000002861023,0.9789999723434448,0.9509999752044678,0.9610000252723694,0.0590000003576278,0.0469999983906745,0.042,0.036,0.891,0.918,0.4523809523809524,3.0,703.51,495.58,2.18,-0.01,11.0,3.0,14.0,1.0,4.0,0.0,0.443,3195.0
Ort-RDM-1_7,1,KII83927,MTVIPKGSTVLVTGFTGYIGAHVTDQLLGAGYTVRGTTRSAAKATYLKDKFTREYGAGRLDVVEIPDISADGAFNEAIKGVSGVAHIAADVSMSTNVDEVVGSAVKTTLSILRAAAATPSVKRFVLTSSSVAAGFPARNVAYTLTENSWNDVSAKVVASAEEDPLKGVHVYAVSKTEGEKAAWKFVKEEKPGFVFNAVLPDNNQGPFLDLKPQSSAHFALTVLAGKGDGYKGFPTQWFVDVRDTARLHVAALTLESTGAPGYRLWAAAEPFTFNRILATVRKLRPDRTDLPESYAWDTEPNLSQIDNSRSTAILKEMGRDGWIPYEESVKENIKGQ,Plicaturopsis crispa FD-325 SS-3,hypothetical protein,1,0.0,1.7,0.8,36.0,1.4,0.0,100.0,2.1,0.0,100.0,0.9,3.8,-62.1,46.0,Ort-RDM-1_3,0.759,336,81,0,1,336,1,336,2.209E-165,509,1.07,0.97245,0.4096510708332062,48.0,40.0,0.8333333333333334,393.0,48.0,0.9789999723434448,0.977999985218048,0.9639999866485596,0.972000002861023,0.0399999991059303,0.0219999998807907,0.027,0.022,0.923,0.951,0.7777777777777778,1.0,763.56,525.91,2.02,-0.2,9.0,4.0,15.0,2.0,4.0,0.0,0.279,3404.0
Ort-RDM-1_8,1,KYG41666,MEEAHSFIKPTIKKGDLILITGATGYIGSNVADQALEAGYRVRGTTRSRAKGQWLYDLLLKKYGEGKFELVEVPDMTDSAAYDDAVRGVSGVIHLASVLTFSTNADEVIPPTVKAALNVLKSATKEPSVKSIVFTSSSTAALSPQPNKKIVVTADTWNNEALNYALSDPNPDGFAVYAASKTAAEQAVWKAVKETQPPFQVAAVLPNMNIGSILKPGGAMDSSTGSWPLKLFRGDTSVYDFPPQYYVNVKDDARLHIIALIDPECDGRRIFAFAAPFNWNDVLAIFRKQNPGMEFPEDGNFGRDLSEVPNAEAEQLLRKHYGKGWTSLEDSLEESTAMLKN,Acidomyces richmondensis BFW,hypothetical protein,1,0.3,4.6,0.2,92.4,0.0,1.7,-100.0,2.3,0.0,100.0,0.8,4.6,-69.3,38.2,Ort-RDM-1_3,0.457,327,174,0,4,330,12,333,4.420E-80,262,1.57,0.92227,0.4569025039672851,49.0,36.0,0.7346938775510204,398.0,49.0,0.9829999804496764,0.9860000014305116,0.9649999737739564,0.9789999723434448,0.0590000003576278,0.0209999997168779,0.02,0.01,0.936,0.963,0.7333333333333333,2.0,745.85,514.76,2.73,-0.19,6.0,7.0,15.0,0.0,3.0,0.0,0.314,3453.0
Ort-RDM-1_9,1,OTA37140,MTATIPKGSTVLVTGVTGFIASHVADQLLQAGYNVRGTTRSKDKAEWMFQLFGSKYGENRFDVYEVPDMIADTAFDESVKGVAGIAHLASILSFSNNPDEVIPPTVKGTLNILKSASKEPSVKSVVYTSSSTAVLLPEANKEMTVPNGYVVYGASKTMAEKAFWEAIEQTKPPFQTSAVLPNTNFGPILDGSEGTSTGSFPIKIWRGDTSMMSFIGPQYFVDVRDTARLHVAALIDPDCNGQRIFAFAEPFNWADVIDIFKKINPDGDFPAPPENEGRDLSKIPNEDAVALLQKHFGQGWVGLEESLRENVKGIDGLKVQ,Hortaea werneckii EXF-2000,hypothetical protein,0,,,,,,,,,,,,,,,Ort-RDM-1_3,0.466,332,164,0,4,335,5,313,3.350E-86,280,1.63,0.93849,0.3710766136646271,50.0,35.0,0.7,377.0,50.0,0.9769999980926514,0.9789999723434448,0.9430000185966492,0.9670000076293944,0.0839999988675117,0.0299999993294477,0.049,0.022,0.876,0.924,0.6444444444444445,3.0,809.14,550.26,2.31,-0.26,9.0,7.0,17.0,1.0,3.0,0.0,0.384,3745.0
Ort-RDM-1_10,1,KZP30036,MAVKGAFAAAMEGVAGVAHVATIMPSQADSALLQDPGLVVAPVVAGTLSVLRTAAATPSVKSVVLTSSSSAAVWPHPDVEVPSVGEDTWNTECLEQAASLPADAPGKEWHIYGASKVRGEQAAWMFYNEEKPGFVFNAILPNINLGPPLLKEDARSTGAWVAQVYNGDISGISAFTPQWFVDVRDTALLHMYALTGASPALAAGGVRMWAVAAPFSGNDILAALRRLYPTKAFLAEIPGLGKELCRIDNKRGGELLGGWRSLDEAVRASVEGM,Athelia psychrophila,NAD(P)-binding protein,0,,,,,,,,,,,,,,,Ort-RDM-1_3,0.453,272,146,0,68,335,1,272,1.163E-58,200,1.65,0.90571,0.4037858247756958,31.0,18.0,0.5806451612903226,n.d.,n.d.,n.d.,n.d.,n.d.,n.d.,n.d.,n.d.,n.d.,n.d.,n.d.,n.d.,n.d.,n.d.,258.55,177.42,1.06,-0.15,3.0,3.0,11.0,0.0,1.0,0.0,0.22,1197.0
Ort-RDM-1_11,1,KZP19288,MSIIPKDSLVLVTGANGFIAAHIVNTLLAEGYRVRGTARAASKIAALKAFWDETYGPGRFETAVVEDMAKDGAFVEALKGVAGVVHVASIMLDADSIWLNPALVIDTVVNTNLFLLRSAAAQPTVKSFVYTSSASAAGLPKLDVEYDVGEDTWNTESIQKAYDLPADDPSRPLHAYCASKALGEQAAWKFYKEEKPSFAFNTVLPNVNIGPPVGPADPRSSSALISSFFDGDFSMMHWVTPQHYIDVRDTAELHMHALTSTRLPADGVRILASGSSLNANDLLQILRDLYPERSFPPDIEGMGRDLTRVDQKRAVELLGRFRGLKEAVKANAEKL,Athelia psychrophila,NAD-P-binding protein,0,,,,,,,,,,,,,,,Ort-RDM-1_3,0.421,334,192,0,1,334,1,333,7.584E-71,235,1.6,0.93992,0.3553438186645508,47.0,39.0,0.8297872340425532,392.0,47.0,0.968999981880188,0.9769999980926514,0.9459999799728394,0.9649999737739564,0.061999998986721,0.032999999821186,0.048,0.031,0.883,0.929,0.4772727272727273,0.0,543.46,400.39,1.79,-0.11,9.0,3.0,13.0,0.0,4.0,0.0,0.224,2516.0
Ort-RDM-1_12,1,OQO17260,MTTTIPKGSTVLVTGVSGYIGSHVAAQLLEAGYRVRGTSRSKAKAQDLIDYFTSKYGADSITVAEIPDMVATNAYDEAVKGVSGIVHLSSVLTFSTDPEEVIPPSVSGALNILSAAMQEPGVKSLVVTSSSTAALLPQPNETIKVKVDTWNDAALEAAYKPGVDGFTVYAASKTQAERELWKAIAKEKPHFQVATVLPNANFGTRFKEGGNSTGDWVMALAEGKDDPLQFPPQWFINVDDDAKLHVAALLDSEAAGKRLFAFAAPFTWNDVLAILRKLEPGKKLVGDRDMGEDLSEVPNGEAEALLKKHYGHGWTALEETIKQNAGPVLIQ,Rachicladosporium sp. CCFEE 5018,hypothetical protein,0,,,,,,,,,,,,,,,Ort-RDM-1_3,0.468,331,171,0,2,332,3,324,4.508E-83,271,1.48,0.94621,0.4947575032711029,50.0,38.0,0.76,388.0,50.0,0.9810000061988832,0.984000027179718,0.9700000286102296,0.9769999980926514,0.0390000008046627,0.0160000007599592,0.021,0.023,0.944,0.955,0.6666666666666666,3.0,745.63,513.16,2.26,-0.11,7.0,6.0,15.0,0.0,3.0,0.0,0.319,3452.0
Ort-RDM-16_1,1,EDK47269,MSETAETVIVTGGTGYIGQHIVAELLKDGYKVVAIVRSAQASLNLIKLFNHPYLSTQVVEQLDKPKSIDFVLKQHKEATAFIASAAVVKFDAQDQEEEVLKPSLAIIENTLKSIHHYGEQIKRVVLTSSTAAIVGPDKAFSATAEYSEDDWSPLTYEAGKANGTMAYFTSKKLNEEYAWKYIKEEKPHFDLVSVNPALILGPVTFASEVSLEKFPSTTGMIGGLLHLQKDSYVTELQSGAIDVRDVAKVHVSVIKNPKASNQRLLLEAYKTTNPNMINIIKNNFPEYNDKLPDVAPDSESDFKLPSDTKTKEILGIKHYEYTLEQSVVDLVKQILK,Lodderomyces elongisporus NRRL YB-4239,conserved hypothetical protein,1,0.3,1.8,3.1,-26.4,1.7,0.0,100.0,2.0,0.0,100.0,0.5,4.2,-79.6,42.2,Ort-RDM-1_3,0.297,280,195,0,9,287,7,286,6.756E-23,94,3.03,0.848,0.61708003282547,47.0,31.0,0.6595744680851063,393.0,47.0,0.977999985218048,0.9819999933242798,0.9610000252723694,0.9760000109672546,0.0610000006854534,0.0130000002682209,0.02,0.018,0.939,0.958,0.4666666666666667,0.0,613.22,428.58,1.5,-0.41,13.0,5.0,9.0,1.0,2.0,0.0,0.353,2820.0
Ort-RDM-16_2,1,EEQ37269,MTQVFLTGANGYIGAQIAKHLIDKGYEVIGSVRSAKKGDKLKSHLGANFTYEVVPSFVEEGAFDEALKKHPEVVAFLHSASPVIFESSDPENDVLLPAIQGTQNALKAAQKHGPNIRKFVCTSSVSAMFHLGKQTHVTEKSWNPITYEAAKTEPNGLYQGSKTFAEKAAWEFIESEKPSFTFTTINPVYVLGPLAFDEDAATNSFTSTSSIIPKILNTKKGEKLPEFIGSAVDIRDVAKLHIAAIENDNLAGKRLMARSGYWDTQILLEAIQKNFPEIARDMPEGNPGSSEEAKKTYSTFDNSETTKLVGIEWIPVEKSFKDEIAQILRTRG,Clavispora lusitaniae ATCC 42720,hypothetical protein,1,2.1,2.3,4.5,-31.3,1.3,0.3,57.5,0.2,1.5,-81.9,7.1,0.0,100.0,38.3,Ort-RDM-1_3,0.337,324,212,0,10,333,4,324,6.142E-35,130,2.29,0.85792,0.4337547123432159,45.0,38.0,0.8444444444444444,n.d.,n.d.,n.d.,n.d.,n.d.,n.d.,n.d.,n.d.,n.d.,n.d.,n.d.,n.d.,n.d.,n.d.,590.98,408.75,1.51,-0.09,8.0,5.0,10.0,0.0,2.0,0.0,0.207,2736.0
Ort-RDM-16_3,1,CCE41045,MTTTETSTPSDSSETVIITGGTGYVGQHIIAQLLKSGYKVIAIVRSQPRGMELIKQYSHPNLQIEAVEQLDKPNSVDFVLKQHPEASTFIAGAAVTDFTAKDVEKEILQKSNAIIKNTLESINHHGKSIKRVVLTSTSGTHIGPEKMFSYDAQYTDDDWSPLPYEAGFANAQMAYFVSKKCNEELAWKFIKDNDTQFDLVSINPSMCLGPVQFANEVSLKEGSYLPSTTNIIANLLKLKPNDTVEPLAAGAADVRDVAKAHVAVINNPKASGQRLIVEAYKFTNANAINILHNYFPQLKDKLPNAEPIPESKFVEPNLKKSREILGIEKYYNLTDSVVGLAKQLLKE,Candida parapsilosis,hypothetical protein,0,,,,,,,,,,,,,,,Ort-RDM-1_3,0.271,328,237,0,6,331,12,339,3.514E-19,82,2.84,0.8257,0.7606570720672607,49.0,29.0,0.5918367346938775,404.0,49.0,0.9819999933242798,0.9829999804496764,0.9629999995231628,0.9729999899864196,0.0529999993741512,0.0240000002086162,0.025,0.012,0.926,0.938,0.3953488372093023,2.0,848.02,530.22,1.63,-0.13,11.0,6.0,12.0,1.0,4.0,0.0,0.552,3748.0
Ort-RDM-16_4,1,EER31342,MSIFITGASGYVGQHILSELLSSDRKVIAIVRSKGSQDKLVKLFPTSNLSFEIVSELDKPNALDSILQKHPEATTFINTASVVKFTADDYAKEIIDPSINIIKYTLTSIKENAPNIKRVILTSSSASMIGPDKAFGYNGEYSDDDWSPLTYELGKINGTMAYFTAKKLAEQEAWNFIKHEKPKFDLVAIMPSLILGPVKFDTEITKNSQPSTSGMIGSLLKLNSNDEIPIMAAGAVDVRDVAIIHNKAIDDENFSNQRILLESNKITNDNMIQIIIDNFPNWKSKLPKPNPIKESDFVKPNDERSKKLIGMKLRSLDDSVIDLVKQIEKDDLVESVEKLKV,Candida tropicalis MYA-3404,conserved hypothetical protein,1,0.1,0.1,5.0,-98.0,2.6,0.0,100.0,1.6,0.0,100.0,1.7,3.3,-32.0,38.5,Ort-RDM-1_3,0.283,247,174,0,10,253,3,249,4.887E-18,79,2.73,0.82069,0.5038281083106995,45.0,21.0,0.4666666666666667,n.d.,n.d.,n.d.,n.d.,n.d.,n.d.,n.d.,n.d.,n.d.,n.d.,n.d.,n.d.,n.d.,n.d.,535.46,364.09,1.05,-0.25,11.0,5.0,9.0,1.0,2.0,0.0,0.332,2474.0
Ort-RDM-16_5,1,CCG25156,MPTDSNLQTVIITGGTGYVGQHIVAQLLHQNYSVIIIDVSPTRAMEIVRLFNHPNLQYKIVDQLNQPHSIDFVLKEFPHASIFIASAAVVPRDNIVDFDREIIQMNHDILKYSLDSIKQCGTNIKQVILTSSTAAYVGPDKAFAIDVAYSDNDWNPLPYDAGRGSVSAAYFVSKKFNEQMAWQFMKDEQPNFDLVTLAPSFCIGPAYFNSQISIDNLPSSTSVVGDLLKLSRHDTVPSFGAGAVDVRDVAKSHISVINNPKANGQRLVVEAYKFTNANTVNILKDHFPQLKDKLPDVEPIPESKFVGPNLKRSKEVLAINRYYTLAESVVDLAKQLLKE,Candida orthopsilosis Co 90-125,hypothetical protein,0,,,,,,,,,,,,,,,Ort-RDM-1_3,0.266,276,200,0,9,282,9,284,2.099E-17,77,2.68,0.83507,0.4616027772426605,47.0,17.0,0.3617021276595745,396.0,47.0,0.9700000286102296,0.9710000157356262,0.9470000267028807,0.9539999961853028,0.0640000030398368,0.0370000004768371,0.046,0.049,0.889,0.894,0.4186046511627907,0.0,409.75,248.66,1.05,-0.37,6.0,5.0,8.0,0.0,1.0,0.0,0.41,1882.0
Ort-RDM-16_6,1,ABN64930,MSKTTVFLSGATGYIAQQIIVELLSKGYNVVGSVRSQEKGEKLKSYYGEHFQYVVVPNLEQKGVFDEALKKHPEVTVFIHTASPATFSPEDNERDTLIPAIDGTVNALQGIVDHAPQIKRVVLTGSTVSTVDIADFTDPTFFMNEDSWAKVTYEDGKTKDGLTAYWASKKYAEKAAWEFVESKKPNFTISTILPAYVFGPQAQDAEAKGQLNLTAEIVGGFYRLSKDDKVPEVAGPFVDVRDVAKAHVIAFEKDEAQGQRIITSNGRFSSQLILNIIREKFPELREKLPVGVPANGKVPESDSWDDSKSKKLLGFKFSDIEKVVVDTIEQVIRANE,Scheffersomyces stipitis CBS 6054,NADPH-dependent Cinnamyl-alcohol dehydrogenase,1,2.6,3.3,3.7,-5.4,1.6,0.1,90.5,2.5,0.0,100.0,0.0,5.5,-100.0,34.5,Ort-RDM-1_3,0.309,310,211,0,8,314,4,313,5.821E-28,109,2.6,0.84705,0.736643373966217,47.0,21.0,0.4468085106382978,393.0,47.0,0.9769999980926514,0.9789999723434448,0.9580000042915344,0.968999981880188,0.050000000745058,0.0240000002086162,0.027,0.025,0.91,0.942,0.4222222222222222,0.0,596.59,443.2,1.83,-0.16,11.0,6.0,10.0,0.0,2.0,0.0,0.337,2762.0
Ort-RDM-16_7,1,ODV81507,MSPTAFVSGATGYIAQHIVALLLSKDYQVVGSVRSEEKGQHFAKLFNSSHFSYVVVPDIAIPGAFDEAFKAHPAISTVFHVASPFHLSSENVEQNLLKPLIEGTKNILSAIKSFGTNVRRVVLTSSAAAVEATPGYDYADKLVNEDSWTELTYEQALKNGIDGYSGSKVFAEKAAWEFANSEHKPHFDMAVVNPVFVFGPQAFESEAKENLNSSVGHIDAYLKLKPTDPYPTFEGKFTDVRDVAKAHIVAAESAEAANQRLVLCNGGFVPQKLANIIREHFPKLRETIPVGTPENENAPLQNPFAGKLDNSKTNKILGFEQISLEQSVVDTVSQILKSRE,Suhomyces tanzawaensis NRRL Y-17324,NADPH-dependent methylglyoxal reductase GRE2,0,,,,,,,,,,,,,,,Ort-RDM-1_3,0.335,325,213,0,9,329,4,328,1.939E-27,108,2.69,0.83842,0.4638857841491699,50.0,31.0,0.62,397.0,50.0,0.975000023841858,0.9810000061988832,0.9559999704360962,0.9670000076293944,0.0520000010728836,0.032999999821186,0.033,0.024,0.901,0.926,0.4418604651162791,3.0,522.72,408.4,1.88,-0.3,12.0,4.0,7.0,0.0,3.0,0.0,0.227,2420.0
Ort-RDM-16_8,1,ODV81308,MSTVLVSGANGFIAQHVVSQLLEKKYKVIGTVRTDAKGQHLAKNFSTPDFQYVIVSNLSLPGGFDEVFQQHPEIEYFLHVASPFNFSDVDVEENLLKPALAGTKEALSSAHKYGKNLKKLVVTSSYAAMGWTYLIDKSIPDDIYIDEDSWTDIPWDVAAKSNGFIAYVASKAHAEREVWNFRERENPKFELTVVNPTYVYGPQAFDSDVTEFMGETSEIINRITKLQPDETPRRERGMCIDVRDVAGAHIIAIEKDECNGKRLLLFNASFSEQNFLNLIHKFYPEQFKNVPIGEPETTEATLTKTFWGDIHNEKTREILKQDWYSHEQCVKDVLEQIVRVRGL,Suhomyces tanzawaensis NRRL Y-17324,NAD(P)-binding protein,0,,,,,,,,,,,,,,35.8,Ort-RDM-1_3,0.28,334,235,0,8,334,2,335,1.900E-24,98,2.58,0.82854,0.4592598974704742,43.0,34.0,0.7906976744186046,n.d.,n.d.,n.d.,n.d.,n.d.,n.d.,n.d.,n.d.,n.d.,n.d.,n.d.,n.d.,n.d.,n.d.,572.83,430.28,1.56,-0.25,11.0,6.0,11.0,1.0,3.0,0.0,0.34,2621.0
Ort-RDM-16_9,1,ODV77212,MSTVLVSGATGFIAQHIIKQLLEKKYKVIGTVRTDAKGQHLTKNFNNPNFLYVLVSNLATPGGFDEVFQQHPEIEYFLHTASPFTLSDDNVEENLLKPALAGTKEALTSAHAYGKNLKKLVVTSSYAAMGWTYLVDKSIPDDVYIDEASWTDIPWDVAAKSDGLTAYIASKAHAEREVWNFKERETPNFDLAVVNPTYVYGPQAFDSDVTEHMGETSEIINRIIKLQPGETPHRDRGLCIDVRDVAGAHIIAMERDECTDKRLLLFNAAFSEQNFLDLVHKFYPEQFKNVPIGDPKTTQATLTKTFWGDIHNEKTREILKQDWYSHEKSVKDILEQIIRVRGL,Suhomyces tanzawaensis NRRL Y-17324,NAD(P)-binding protein,1,0.0,0.0,4.4,-99.6,0.0,2.3,-100.0,1.2,0.6,30.7,7.6,0.0,100.0,36.2,Ort-RDM-1_3,0.288,334,232,0,8,334,2,335,8.432E-24,96,2.48,0.83537,0.5627362132072449,46.0,20.0,0.4347826086956521,n.d.,n.d.,n.d.,n.d.,n.d.,n.d.,n.d.,n.d.,n.d.,n.d.,n.d.,n.d.,n.d.,n.d.,712.37,501.37,1.65,-0.29,13.0,5.0,8.0,1.0,3.0,0.0,0.467,3202.0
Ort-RDM-16_10,1,ABN65471,MSQTVFISGASGYIAQHITAKLLAKGYKVIGSVRSAKKGDELKSLFKNENLSYVVVPDIQADGAFDEALKQHPEISVFLHTASPFVFQVEDVEKELLLPAVTGTKVALTSVLNHGPQIKRVVVTSSYAAMFANEDIPDVVSDETTWTELTWEQAKQNGLVGYLASKAFAEKAAWDFVEKEKPNFKLSTVNPTYVFGPQLFDEYATGPVSTSVELIKAVLKLQPTDEVPSVQGPFIDVRDVADAHLVAFESDAAIGQRILLQDGRFSNSKVVEIIKANFPEFKDKIPAPKTTHEEEIKSHCKLDSSKSDKILGIKFISIEQSIKDTVAQFIKVKAV,Scheffersomyces stipitis CBS 6054,dihydroflavonol-4-reductases,1,0.1,0.0,5.1,-100.0,0.0,3.4,-100.0,0.4,1.4,-59.6,7.5,0.0,100.0,41.8,Ort-RDM-1_3,0.328,325,216,0,9,333,4,326,9.550E-29,111,2.63,0.85295,0.4719260036945343,45.0,33.0,0.7333333333333333,n.d.,n.d.,n.d.,n.d.,n.d.,n.d.,n.d.,n.d.,n.d.,n.d.,n.d.,n.d.,n.d.,n.d.,311.69,241.88,1.21,-0.35,4.0,6.0,7.0,0.0,1.0,0.0,0.373,1917.0
Ort-RDM-16_11,1,ODV76726,MSTVFLSGATGFIAQHLVRDLIAKGYKVIGSVRSAEKGDLLTGYFPKNFEYTIVEDIESETAFDDVLQKNPEITAFFHTASPFHYGNDNIPERLLQPAINGTKNALASAKKYGSNLKNFIVTSSVAAVGSSFLVNPHLPMTTVINEESWTEISWEQASTNGFIGYSASKAFAEREVWKFVDEEKPSFAVSVVNPSFVFGPQAFDAEAAKTLGTSSELINSLLKAGPDAELPAIKGRWVDVRDVSKAHIVALENKDAAGKRIIVQNGKYNAGVVAQIMLKNFPELKDRLPKFDAPAAQEALSSAAFGQMDDSKSVDLLGFEKVSLEQCITDAIAQLLKVGKQ,Suhomyces tanzawaensis NRRL Y-17324,NADPH-dependent methylglyoxal reductase GRE2,0,,,,,,,,,,,,,,35.4,Ort-RDM-1_3,0.296,316,215,0,8,314,2,317,1.939E-27,108,2.51,0.8408,0.4172917902469635,48.0,29.0,0.6041666666666666,398.0,48.0,0.9800000190734864,0.984000027179718,0.9679999947547911,0.9800000190734864,0.0390000008046627,0.0089999996125698,0.022,0.012,0.934,0.966,0.4090909090909091,1.0,575.21,459.54,2.05,-0.34,12.0,6.0,8.0,0.0,2.0,0.0,0.336,2644.0
Ort-RDM-16_12,1,KGT65116,MSKTVILTGASGYIGQHILGELLDQNYKVIAIVRSQKSSDTLSKLFKQTPKLQFEIVEQFDKPHALDKVLEKHKEATIFISTAAVVTFHAEDYERDVLDPAIDLVKNIFSSIKEHAPQITRVILTSSSASVVGLDKAFSYDAEYSDNDWSPFTREMSTSDGTMAYFASKKLAEKEAWKFLKEEKPNFDLVAIMPALILGPVCFSSELKNGKFPSTSGIIGGLLHLKSDDPIQPMAAGAVDVRDVAKVHVDVITSEKASNQRILVESGKVTNDNIIQTIIDNFPSYKDKLPTPNPVPHSKFVKPKDERSRKIIGFSLRSLGDSVVDLVKQIDQENSVIESIKKLDIKK,Candida albicans 12C,hypothetical protein,0,,,,,,,,,,,,,,,Ort-RDM-1_3,0.306,250,170,0,9,254,4,253,4.710E-19,82,2.74,0.8134,0.6808902621269226,43.0,36.0,0.8372093023255814,n.d.,n.d.,n.d.,n.d.,n.d.,n.d.,n.d.,n.d.,n.d.,n.d.,n.d.,n.d.,n.d.,n.d.,499.18,359.27,1.09,-0.32,12.0,5.0,7.0,1.0,2.0,0.0,0.301,2285.0
Ort-RDM-23_1,1,CCE78191,MTTVFVSGATGFIAQETVKQLVQKGYKVIGSVRSAERGDRLKKNLGSDNFTYEIVEDIQKEGSFDETLKKHPEVTIFLHTASPFHFKTTDIENDLLKPAVEGTKNALKAIKEHGPNVKKVVITSSFAAIKKNTGDDNPNLVLTEESWNDSTKEQAVKDPLSGYIASKAFAEKAAWEFLEKEKPQFVLSTVNPTLVLGPQAFISEIKNELNTSSEVINSILKSGPNDPLPPILEFFIDVRDVAKAHIAAFEKKEAEGKRLLVSEGRFVAQNIVDYINKDFPQFKGKIAAGNPGQYPDFNAFSKIDNSKTREILGFDFINFETCVKDTVQQILDAGFSR,Millerozyma farinosa CBS 7064,Piso0_000808,1,0.0,0.0,4.2,-100.0,4.3,0.0,100.0,0.0,2.3,-99.4,2.0,2.1,-0.6,43.3,Ort-RDM-1_3,0.301,311,214,0,8,314,2,312,5.821E-28,109,2.38,0.85208,0.4974396228790283,44.0,31.0,0.7045454545454546,n.d.,n.d.,n.d.,n.d.,n.d.,n.d.,n.d.,n.d.,n.d.,n.d.,n.d.,n.d.,n.d.,n.d.,468.29,376.04,1.39,-0.28,11.0,4.0,9.0,1.0,2.0,0.0,0.278,2165.0
Ort-RDM-23-2,1,EEQ40618,MSETVFVSGATGFIAQHICKLLLDKGYTVIGSARSEAKGEHLAQLLNSTKFSYVVVPDVQFEGAFDDVLAKNPQISVFLHTASPFHFKATNVEDELLKPAVHGTKNALKSITKHGNNVKRVVITSSYAAISTAESEADPSVVNNEKTWNQITWEESKRDPVSGYRGSKKFAELAGWDFVKEQKPNFIINYVNPSFVFGPQAFDSEVKDNLNTSSEIINNLLKLTPESQIPPTRGGFVDVRDVAKAHLIAFEKPIENERLLMNAGRFCSQDLLDVLNAKFPELKGKIPVGEPGTGHLVNDAMCKIENEHTKSILGFKLIDLETTVYDSVKQILDAKKGSKI,Clavispora lusitaniae ATCC 42720,hypothetical protein,1,0.0,0.0,0.0,,5.3,0.0,100.0,0.0,3.0,-99.2,4.1,0.0,100.0,47.4,Ort-RDM-1_3,0.323,279,188,0,9,287,4,281,7.098E-26,103,2.31,0.84577,0.4688466787338257,46.0,34.0,0.7391304347826086,n.d.,n.d.,n.d.,n.d.,n.d.,n.d.,n.d.,n.d.,n.d.,n.d.,n.d.,n.d.,n.d.,n.d.,562.25,426.47,1.68,-0.23,9.0,5.0,9.0,1.0,2.0,0.0,0.35,2596.0
Ort-RDM-23_3,1,EDK39163,MTSVYVSGASGFIAQRIIKQLLEKKYKVVGSVRSTEKGDGLVKNFGPDFQYEIVGDIAAKGAFDESLKKHPEVTIFLHTASPFTFTSDDVENDLLIPAQKGTVNALEGIEKYAPQIKKVVITSSYVAIWDITKEFSDPSHLVNEESWNPVTPTEAKSNALMAYCASKTYAERAAWDFVKKNNPNFTLSTVNPSYVFGPQAFEVKDTLNLSSELVQNFLKLKSTDPLPELSGAFVDVRDVAAAHLVAFEKDEAANQRLVLVAHQFIAQEIADIIHKKFPDKSKNVPIGTPGQTAPVDSWSKKDFSKTEKLLGFEYIGLDQSVVDAIDQIFSK,Meyerozyma guilliermondii ATCC 6260,hypothetical protein,0,,,,,,,,,,,,,,,Ort-RDM-1_3,0.299,322,224,0,8,329,2,321,2.349E-25,101,2.52,0.86256,0.3431919813156128,45.0,29.0,0.6444444444444445,n.d.,n.d.,n.d.,n.d.,n.d.,n.d.,n.d.,n.d.,n.d.,n.d.,n.d.,n.d.,n.d.,n.d.,525.1,416.17,1.54,-0.23,11.0,6.0,9.0,0.0,3.0,0.0,0.29,2431.0
Ort-RDM-23_4,1,ODV69400,MLDTVFVSGATGYIAQYVVIYLLEKGYEVIGSVRSKEKGERLAGQLENKSFKYVLIPDIGAKGAFDGVLTTHPEITTFIHTASPFHYSTNEIEKDLMLPAIHGTQNALLAVKTFGSNIKRFVLTSSYVSNCSFLDDNSSNVTVDETSWNQITWEESLENAFNGYYGSKKFAEQAAWDFMKKEDLPFSLTCVNPSLVLGPQAFDLYAKGTVNTSAEMVNEILKLNVDSPIPKIKGPCIDVRDVAKAHLAAFENENTKNQRLIISYERFTSQGILDIIRETLPDLRSSLPIGTPGGQIEASRNTCIIDNSRTKTLLGYNFIPLKKTVTESIEQAIRANTYT,Hyphopichia burtonii NRRL Y-1933,NADPH-dependent methylglyoxal reductase GRE2,1,0.0,0.0,0.0,,0.0,0.1,-100.0,0.0,0.1,-47.8,0.0,0.0,,,Ort-RDM-1_3,0.338,311,202,0,9,314,4,314,1.586E-26,105,2.18,0.85341,0.5315211415290833,45.0,34.0,0.7555555555555555,n.d.,n.d.,n.d.,n.d.,n.d.,n.d.,n.d.,n.d.,n.d.,n.d.,n.d.,n.d.,n.d.,n.d.,555.34,415.31,1.73,-0.2,10.0,3.0,8.0,0.0,2.0,0.0,0.307,2571.0
Ort-RDM-23_5,1,KRZ99698,MTSVFVSGATGYIAQHIVKTLLENNYKVVGSVRSTEKGEKLKRLLQSTNFNYEVVNDIQKEGSFNEALKRHPEVTVFLHTASPFHFKAKDVEKELLIPAVNGTKNALKAIKEYAPQVKRVVVTSSIAAIKVDTKENDSTFVMTEQTWNPITWEEALSNPVSGYRGSKTFAEKAAWEFMETEKPLFILSTVNPVLVFGPQAFDTEVKETLNTSAEVINTLLKLKPDDPIPPLNNAFIDVRDVAKAHVVAFESDDAANQRLLLSESRYSSQLVLDLIHKNFPQFKSRIPVGTPGIYPDTSKLSKTDNSKTRAIVGFPFIPLEKSVIDTVQQIVKAEKLQ,Debaryomyces fabryi,hypothetical protein,1,0.0,0.0,0.0,,4.9,0.0,100.0,0.1,0.1,-36.7,3.6,0.6,70.0,41.6,Ort-RDM-1_3,0.303,311,213,0,8,314,2,312,2.141E-26,104,2.35,0.84891,0.4501374959945678,45.0,31.0,0.6888888888888889,n.d.,n.d.,n.d.,n.d.,n.d.,n.d.,n.d.,n.d.,n.d.,n.d.,n.d.,n.d.,n.d.,n.d.,479.74,370.41,1.4,-0.25,12.0,3.0,8.0,0.0,2.0,0.0,0.296,2221.0
Ort-RDM-23_6,1,EGW30505,MSATVFVSGATGFIAQHVVKTLLSSNYKVIGSVRSTTKGDHLKSLLNSPNFSYEIVEDVEKEGAFDQALQKHPEVTVFLHTASPFHFKATDIEKELLLPAVNGTKNALNAIHKYGSNVSRVVITSSYAAISTASKEVDPNVVVTEQSWNEISWEDAKKDPVSGYRGSKTFAEKAAWEFVKEHNPKFVVSTINPSFVFGPQAYDSEVKDSLNTSSEFINAILKNGPDATIAPTRGGFVDVRDVAKAHLVAFEKEEAKNQRLILNAGRFTLQSIIDILNENIPELKGKIPVGEPGTDKAAIAGLSTIDNSKSLAILGFELIDLKKSVVDSVQQILQARK,Spathaspora passalidarum NRRL Y-27907,NADPH-dependent methylglyoxal reductase GRE2,1,0.0,0.0,0.0,,4.3,0.0,100.0,0.0,2.6,-98.0,4.2,0.0,100.0,48.5,Ort-RDM-1_3,0.342,312,201,0,8,314,3,314,5.224E-29,112,2.29,0.86075,0.4198329150676727,46.0,31.0,0.6739130434782609,n.d.,n.d.,n.d.,n.d.,n.d.,n.d.,n.d.,n.d.,n.d.,n.d.,n.d.,n.d.,n.d.,n.d.,315.79,246.61,1.46,-0.48,5.0,5.0,7.0,0.0,1.0,0.0,0.298,1964.0
Ort-RDM-23_7,1,KGT65805,MSTPITVIVSGATGFIAQHVVKQLLAKNYQVIGTVRSTAKGDHLLKLFNNPKNLSYEIVEDVGTKGAFDKVLQKHGEAKVFLHLASPFHFNVTDVEKELLLPAVDGTKNVLQAIYNFGNNIEKVVITSSYAAISTASKEADKNAIITEKDWNEISWQDALLNPVNGYRGSKKFAEKAAWDFIKSNDNVKFSLSTINPSFVFGPQSFGSEIKQSLNTSSEIINSILKLKPNDSIPASKGGWVDVRDVAKAHIIAFENEDAKNQRILLNSGRFTSQSLVDIINDKFPDLKGKIPVDEPGSDKSVIAESLATIDDTKSRELLGFEYYNLEQSVYDTVEQIVNAHKL,Candida albicans 12C,hypothetical protein,0,,,,,,,,,,,,,,,Ort-RDM-1_3,0.303,330,227,0,9,334,6,335,5.724E-21,88,2.41,0.8432,0.4384994506835937,46.0,31.0,0.6739130434782609,n.d.,n.d.,n.d.,n.d.,n.d.,n.d.,n.d.,n.d.,n.d.,n.d.,n.d.,n.d.,n.d.,n.d.,506.3,401.93,1.6,-0.31,11.0,5.0,8.0,0.0,2.0,0.0,0.314,2342.0
Ort-RDM-23_8,1,CAX41255,MSTPTTVIVSGATGFIAQHVVKQLLAKNYQVIGTVRSTTKGDHLLKLFNNPQNLSYEIVEDVGTKGAFDKVLQKHGEAKVFLHLASPFHFNVTDVEKELLLPAVDGTKNVLQAIYNFGKNIEKVVITSSYAAISTASKEADKNAVITEKDWNEISWQDSLLNPVNGYRGSKKFAEKAAWDFVKSNDNVKFSLSTINPSFVFGPQSFSSEIKQSLNTSSEIINSILKLKPNDPIPGSKGGWVDVRDVAKAHIIAFENEDAKNQRILLNSGRFTSQSLVDIINDKFPDLKGKIPVGEPGSDKEIIAESLATIDDTKSRELLGFKYYNLEQSVYDTVEQIVNAHKL,Candida dubliniensis CD36,NADPH-dependent methylglyoxal reductase,1,0.0,0.0,0.0,,4.1,0.0,100.0,0.1,2.8,-90.5,3.6,0.8,62.2,48.8,Ort-RDM-1_3,0.303,331,227,0,8,334,5,335,5.724E-21,88,2.48,0.84631,0.4409413635730743,46.0,31.0,0.6739130434782609,n.d.,n.d.,n.d.,n.d.,n.d.,n.d.,n.d.,n.d.,n.d.,n.d.,n.d.,n.d.,n.d.,n.d.,568.3,438.42,1.62,-0.29,11.0,5.0,8.0,0.0,3.0,0.0,0.347,2620.0
Ort-RDM-23_9,1,EMG50243,MSTTVIVSGATGFIAQHVVKSLLAKNYQVIGTVRSTTKGDHLLKLFNNPSNLSYEIVEDVGTQGAFDNVLKHHPEAKIFLHLASPFHFKATNIEKELLEPAVNGTKNVLQAIKDYGSGIQKVVITSSYAAIGTASREADKSVVVTEDDWNAITWNEALENPIAGYRGSKTFAEKAAWDFVKQNSADVKFTISTVNPTFVFGPQAFEVGQELNTSSEVINSILKGSVPPTKGGWIDVRDVAKAHIIAFEKEEAVGKRLLLNAGRFNAGLLVKIIKEKYPQIELPDVKEEVISLATIDDSKTRKILGFDYYSLEQSVYDSVKQIIDARK,Candida maltosa Xu316,NADPH-dependent methylglyoxal reductase,1,0.0,0.0,0.0,,5.0,0.0,100.0,0.0,2.3,-97.6,4.4,0.0,100.0,48.1,Ort-RDM-1_3,0.318,307,205,0,8,314,3,304,2.890E-26,104,2.06,0.88224,0.6824437975883484,45.0,36.0,0.8,n.d.,n.d.,n.d.,n.d.,n.d.,n.d.,n.d.,n.d.,n.d.,n.d.,n.d.,n.d.,n.d.,n.d.,542.16,405.32,1.63,-0.33,11.0,5.0,8.0,0.0,3.0,0.0,0.326,2510.0
Ort-RDM-23_10,1,CCE39733,MTAKVIVSGGTGFIAQHILKQLLNHNYNVVTTVRSQAKGDHLLKLFNSPSSLSYEIVEDVGKPGAFDQVLEKNQDATVFLHTASPFHYKATDVAKELLEPAVEGTKNALKAIQKYGKNIKNVVITSSFAAVGSADKTTDPKVVFTEQDWNDITWDEAVKNVVNGYRGSKTFAERAAWDFIKENDSPFKLTTVNPGFTFGPQLFTSEIKDQLNTSSEVINSIVKLKPNDPIPTFKGNWIDVRDVAKAHVVAFENPKAAGQRLILAAGTFTEQSIVDLINAKFPNLNLPKGEPGADLKIKKEGLASVDNSKTKEILGYEFIDLDKSVTDSVQQILDAKKSKSGAL,Candida parapsilosis,hypothetical protein,1,0.0,0.0,0.0,,3.7,0.0,100.0,0.0,0.3,-83.8,4.8,0.0,100.0,48.8,Ort-RDM-1_3,0.291,326,230,0,10,334,5,330,3.450E-24,98,2.47,0.84345,0.4421521425247192,44.0,29.0,0.6590909090909091,n.d.,n.d.,n.d.,n.d.,n.d.,n.d.,n.d.,n.d.,n.d.,n.d.,n.d.,n.d.,n.d.,n.d.,490.75,387.12,1.48,-0.23,9.0,5.0,9.0,1.0,2.0,0.0,0.313,2272.0
Ort-RDM-23_11,1,EER30950,MTTVIVSGATGFIAQHVVKLLLSKNYQVIGTVRSQSKGEGLLKLFNNPTNLKFEIVEDVGSEGAFDNVLKSHPEATIFLHLASPFHFNATDIEKELLLPAVNGTKNVLEAIYKYGINIEKVVITSSYAAIATASKEANNKEIITEESWNEITWDQALINPVQGYRGSKTFAEKSAWDFIKNHQDTIKFKISFINPSFVFGPQAFPIIDNNKNLNTSSEIINKLLKLNPNSEIPPTKGGWIDVRDVAKAHVLAFEKDSTENKRLLVNSGRFSAISLIRLIHKTISSIKSSFNFR,Candida tropicalis MYA-3404,hypothetical protein,1,0.0,0.0,0.0,,0.0,0.0,,0.0,0.2,-84.7,0.2,0.2,-17.7,,Ort-RDM-1_3,0.308,280,190,0,8,283,2,281,8.461E-19,81,2.32,0.85621,0.4483487010002136,46.0,31.0,0.6739130434782609,n.d.,n.d.,n.d.,n.d.,n.d.,n.d.,n.d.,n.d.,n.d.,n.d.,n.d.,n.d.,n.d.,n.d.,332.42,265.16,1.37,-0.56,6.0,5.0,6.0,0.0,2.0,0.0,0.343,2030.0
Ort-RDM-23_12,1,EDK46659,MPAKIILSGATGFIAQHILSELLQQNYTVVATVRSKAKGDHLLKLFSSPSNLSYVVVEDVAKPHAFDEVLRENEDATVFIHTASPFHFKATDIAKELLEPAVEGTKNALTAIQKYGKNIKDVVITSSFAAIGTASVVADPKAILSEADWNEVTQEEAVANPVNGYRASKTFAERAAWDFIRDNSSGFELTTVNPTFVFGPQLFASEVKDNLNTSSEVINSLTKLKSGDKIPPFKGGWIDVRDVAKAHLVAFENPEAKGQRLLLNAGQFTEQSIIDIVKEKFPEELKDVPTGEPGSGPTVVAETLASIDNSKTKQILGFEFITLGKSIIDSVQQIIDAKKHKVE,Lodderomyces elongisporus NRRL YB-4239,conserved hypothetical protein,1,0.0,0.0,0.0,,4.6,0.0,100.0,0.0,1.8,-97.5,4.2,0.1,94.1,43.1,Ort-RDM-1_3,0.314,361,218,18,1,336,1,343,n.d.,n.d.,2.42,0.84139,0.4649835228919983,47.0,32.0,0.6808510638297872,400.0,47.0,0.9829999804496764,0.9869999885559082,0.9700000286102296,0.9800000190734864,0.0370000004768371,0.0140000004321336,0.018,0.011,0.938,0.963,0.4130434782608695,0.0,305.64,242.65,1.39,-0.45,4.0,5.0,7.0,0.0,1.0,0.0,0.277,1956.0
Ort-EZM-6_1,1,KGT67521,MSSSTTVFVSGASGFIAQTLVKQLIEKGYKVVGTVRSNEKGDSLKENLKAAKLQSENFTYEIVKDIAVKGAFDDALKKHPEVTVFLHTASPFHFNVTDIEKELLTPAVEGTNNALQAIKTHGPQIKRVVVTSSYAAVGRFADLADPSIPATEESWNPITWEQSLSNPLAGYVGSKKFAEKAAWDFVEKEKPNFTLSVINPVYVFGPQAFEIKNKSQLNTSSEIINGLLNSKPDSKFDNLTGYFIDVRDVAKAHIVAFEKDSIQGQRLILAESPFSTQSILDLIRKDFPQLDSQLPKGDPSQADAWKKAESKIENEKTRELLGFKFIDFKKSIDDSVAQIIG,Candida albicans 12C,hypothetical protein,1,0.0,0.0,0.0,,1.5,2.9,-31.1,0.1,2.5,-92.3,0.0,0.0,,,Ort-RDM-1_3,0.334,319,205,0,6,314,3,321,1.668E-31,120,2.58,0.85874,0.4257112443447113,46.0,32.0,0.6956521739130435,n.d.,n.d.,n.d.,n.d.,n.d.,n.d.,n.d.,n.d.,n.d.,n.d.,n.d.,n.d.,n.d.,n.d.,333.07,256.37,1.56,-0.4,6.0,4.0,6.0,0.0,1.0,0.0,0.289,2053.0
Ort-EZM-6_2,1,KGT70745,MSVSKSATTVFVSGASGFIAQNVIKQLLANGYKVIGSVRSESKGKELTDIIQSNDFQFAAIPDISAVGAFDDVLKSNSQISVFIHTASPVTYSAKDVQNELIKPAVEGTRNALNAIKSYGPQIKRVVVTSSFTAIASGKDFDHDKYYTEKDWNPVTIEQALSNPEAAYAYAKKMAEKTVWDFVETESPTFKVTVVNPTVVFGPQAFGVKDKSKLNLSIEMINDILTLKPDDEIPPYASRCIDVRDVAKAHLVAFEKEEAINQRLVLINQPFSNDLLAYIIKKSFPVINIPEGNLERSRECIAKSCIKTDLTKTQEILGFDYVPVEKTILDTIQQLYDA,Candida albicans 12C,hypothetical protein,1,0.0,0.0,0.0,,5.5,0.0,100.0,0.0,2.6,-100.0,0.0,0.0,,,Ort-RDM-1_3,0.309,292,200,0,1,292,1,291,8.706E-27,106,2.61,0.85903,0.3419612646102905,46.0,29.0,0.6304347826086957,n.d.,n.d.,n.d.,n.d.,n.d.,n.d.,n.d.,n.d.,n.d.,n.d.,n.d.,n.d.,n.d.,n.d.,437.18,303.22,1.56,-0.47,8.0,4.0,9.0,0.0,1.0,0.0,0.372,2522.0
Ort-EZM-6_3,1,CAX41646,MSSSTTVFVSGASGFVAQTLVKQLIEKDYKVVGTVRSNEKGDSLKENLKAAKLASENFTYEIVKDISVKGAFDDALKKHPEVTVFLHTASPFHFNITDIEKELLTPAVEGTNNALQAIKTYGPQVKRVVVTSSYAAIGRFGDLADPSIPANEESWNPITWEQSLADPLSGYVASKKFAEKAAWDFVEKEKPNFTLSVINPVYIFGPQAFEIKNKSQLNTSSEIINGLLNSKPNDTFTNLTGYFIDVRDVAKAHIVAFEKDSIQGKRLILAESPFTTQSILDLIHKDFPQLNSKLPKGDPSQADAWKKGESRIDNEKTRELLGFKFIDFKKSIDDSVVQIIG,Candida dubliniensis CD36,D-lactaldehyde dehydrogenase,1,0.0,0.0,0.0,,0.5,3.6,-73.5,0.3,2.3,-76.2,0.0,0.0,,45.89323298,Ort-RDM-1_3,0.318,319,210,0,6,314,3,321,2.547E-30,116,2.51,0.8619,0.4629102051258087,44.0,31.0,0.7045454545454546,n.d.,n.d.,n.d.,n.d.,n.d.,n.d.,n.d.,n.d.,n.d.,n.d.,n.d.,n.d.,n.d.,n.d.,612.79,439.94,1.74,-0.21,11.0,5.0,9.0,0.0,3.0,0.0,0.327,2837.0
Ort-EZM-6_4,1,EMG50750,MTSTSVFVSGASGFIAQELVKQLIKKGYNVVGTVRSTEKGESLKSNLKDAGLASENFEFEIVKDIAVKGAFDEALEKHPEVTVFLHTASPFHFNVTDIEKELLIPAVEGTKNALTAIKAHGPQIKKVVVTSSYAAIGSFLEYSDPSKTRTEDDWNVATYEQSKANAIHGYLGSKKYAELAAWDFVKEEKPNFTLSTVNPVYVFGPQAFEIKDKSQLNTSSELINGVLKLKPTDTVTNELTGYFIDVRDVAHAHIVAFEKKEAEGKRLLLAESPFSTQSILKQIREDFPQLREELPKGDPAEAEYWKKTESPIDNQKTKDILGFKFIDFKKSVDDSVAQIIA,Candida maltosa Xu316,putative oxidoreductase,1,0.0,0.0,0.0,,0.0,4.4,-100.0,2.9,0.0,100.0,0.0,0.0,,41.63733673,Ort-RDM-1_3,0.322,318,207,0,8,314,4,321,3.446E-30,116,2.52,0.85685,0.4541766941547394,44.0,31.0,0.7045454545454546,n.d.,n.d.,n.d.,n.d.,n.d.,n.d.,n.d.,n.d.,n.d.,n.d.,n.d.,n.d.,n.d.,n.d.,605.45,430.53,1.7,-0.23,11.0,5.0,9.0,0.0,2.0,0.0,0.359,2802.0
Ort-EZM-6_5,1,CCE40009,MSSETVVFVSGATGFIAQQIVKTVLEAGYKTIGSVRSEEKGKYLKSLIESAGLNSNLFNYVIVKDIGAKGAFNEALQAHPEVTVFLHTASPATFEIHDVEKELLKPAIEGTINALNAVTVYGKNVQRVVITSSYAAVAGFANLATPGKEVNEESWNPITYEQALENPFLGYIGSKKLAEKTVWNYIEEKKPKWDVTFVNPAFVLGPQAFAVRDKSKLNASNEIINSLLTANKTKVEPQQFVGYFIDVRDVAKAHLIAFEKNETVGQRLLLANAPFSSAGILDIIEKDFPNLKSELPKLDKSKSPKFEETESVVNNEKTRRILGFKFIDLKKSVDDTIKQLV,Candida parapsilosis,hypothetical protein,1,0.0,0.0,0.0,,4.8,0.0,100.0,3.2,0.0,100.0,0.0,0.0,,,Ort-RDM-1_3,0.271,331,235,0,10,333,7,337,2.059E-23,95,2.2,0.86269,0.3734698295593261,44.0,30.0,0.6818181818181818,n.d.,n.d.,n.d.,n.d.,n.d.,n.d.,n.d.,n.d.,n.d.,n.d.,n.d.,n.d.,n.d.,n.d.,530.06,379.81,1.21,-0.2,12.0,5.0,8.0,1.0,2.0,0.0,0.352,2445.0
Ort-EZM-6_6,1,CCE41438,MSSENVVFISGATGFIAQHIVKFLLEAGYKTIGSVRSEEKGKHLKSLLKSAGLKSDLFSYVVVEDIGAKGAFDEALKANPDVTVFLHTASPFTFEVHDVEKDLLKPAIEGTTNALNAIKVYGKNVKRVVVTSSYAAITGFADSATPGKEVNEDSWNPITYEQALANPFTGYVGSKKLAEKVVWNFVDEQKPNWEVTVINPVYVFGPQTFEVKDKSKLNTSNEVINNILISGKKKEEPQQYVGYFIDVRDVAKAHIVAFEKKEAAGQRLFLEEASFTTAEIYNIIEKDFPQLKSELPKLDESKAPKFEDTESVINNEKTRKILGFKFIDLRKTIDDTIAQLV,Candida parapsilosis,hypothetical protein,1,0.0,0.0,0.0,,2.4,1.9,10.9,0.0,2.7,-100.0,0.0,0.0,,,Ort-RDM-1_3,0.308,301,205,0,10,310,7,303,5.759E-25,100,2.48,0.85435,0.445663571357727,46.0,30.0,0.6521739130434783,n.d.,n.d.,n.d.,n.d.,n.d.,n.d.,n.d.,n.d.,n.d.,n.d.,n.d.,n.d.,n.d.,n.d.,527.04,418.87,1.39,-0.23,11.0,6.0,8.0,1.0,3.0,0.0,0.451,2420.0
Ort-EZM-6_7,1,EER35024,MATTTTVFVTGATGFIAQHIVIELLKNGYKVIGTVRSESKGDSLISNLKQYNIPNQENFKYEIVADISKPDAFDNALKSNQDISVFIHTASPFHFKAKDIKKELLEPAIEGTKNALNSIVNFAPEVKRVVITSSIAAVQTFGKLSNPNDVHNEESWDKISFEESCTDPFLGYIGSKKFAEKEAWDFINSNNVNFSLSVVNPAAVFGPQAFPITSSRELNTSSEEINKLLKLKPDDKVPDDKGAFIDVRDVAKAHLVAFEKDDAKGKRLLLVSGPYNSQAIINIVRNDFKSLDLVLPEGNPESGKLPIHSDRWDNEKTKKILGFDFIHLDECIHDSVQQILGDSLP,Candida tropicalis MYA-3404,hypothetical protein,1,0.0,0.0,0.0,,4.4,0.0,100.0,2.8,0.0,100.0,0.0,0.0,,,Ort-RDM-1_3,0.302,281,191,0,8,282,5,285,4.003E-22,91,2.73,0.8301,0.4453595280647278,44.0,32.0,0.7272727272727273,n.d.,n.d.,n.d.,n.d.,n.d.,n.d.,n.d.,n.d.,n.d.,n.d.,n.d.,n.d.,n.d.,n.d.,287.71,206.92,1.34,-0.44,5.0,3.0,6.0,0.0,1.0,0.0,0.324,1799.0
Ort-EZM-6_8,1,EER35045,MSSTSVFVSGASGYIAQELVKQLIQKNYKVVGTVRSNEKGDSLKENLKAAGLQSENFSYEIVKDIAVEGAFDEALKAHPEVTIFLHTASPFHFNVTDVEKELLLPAINGTKNALQAIKTYGPQIKHVVVTSSYAAIGAFFDLADPSKSKDESDWNPINYEQAKSNPHSGYVGSKKFAEQEAWEFLKNEKPNFTLSTVNPVYVFGPQAFEIKDRSQLNTSAEIVNSVLKLNKDSQVSPNLTGYFIDVRDVAKAHISSFENKEIIGKRLLLACSAFSTQSVLDIIRNDFPTLKEILPVGDPSQADDWKKLESEIKNDKTKELLGFEFIDFKKSVDDTVSQIIA,Candida tropicalis MYA-3404,hypothetical protein,1,0.0,0.0,0.0,,2.4,2.1,6.0,1.8,1.0,31.0,0.0,0.0,,46.15436935,Ort-RDM-1_3,0.3,335,229,0,6,333,2,336,1.586E-26,105,2.73,0.85092,0.427997887134552,43.0,29.0,0.6744186046511628,n.d.,n.d.,n.d.,n.d.,n.d.,n.d.,n.d.,n.d.,n.d.,n.d.,n.d.,n.d.,n.d.,n.d.,516.89,393.09,1.36,-0.2,10.0,5.0,8.0,0.0,3.0,0.0,0.314,2387.0
Ort-EZM-6_9,1,EMG50561,MSSLTTVFVSGGTGFIAQHIVKQLLKRHYRVIASVRSRAKGEKLRDNLQSENFSTTNFLFEIVPDIGIKGAFDDVLKANSDISVFLHTASPVTFDVTDIKKDLLDPAIEGTRNALEAISKYGPQIKRVVITSSIAAIQTFGRFAKEGESFDENSWNPISYEESLESPMYGYAGSKTFAEKTAWEYVSKNKPNFTLSVINPAMVFGPQAFPITNKAALNHSSQAISKLLELKPNDPVPEGKGAFVDVRDVAHAHIVAFERDDAQGKRLILLTGPYNNQAIVNITREDFPTLDLILPRGDPEKGELHDISKRWNNEATKKILGFEFIGLEKSVHDSVQQILGDSL,Candida maltosa Xu316,hypothetical protein,1,0.0,0.0,0.0,,4.6,0.0,100.0,0.0,2.7,-100.0,0.0,0.0,,,Ort-RDM-1_3,0.318,332,222,0,8,334,5,336,1.391E-30,117,2.7,0.83784,0.444032073020935,44.0,32.0,0.7272727272727273,n.d.,n.d.,n.d.,n.d.,n.d.,n.d.,n.d.,n.d.,n.d.,n.d.,n.d.,n.d.,n.d.,n.d.,520.13,374.77,1.53,-0.25,10.0,2.0,9.0,0.0,3.0,0.0,0.33,2405.0
Ort-EZM-6_10,1,ODV65262,MAPLNPHPNHAIANYSVLVTGLTGYIAQHLVKLLIAKGYKVIGQVRSKEKGERLKSNLGSDSFSYEVIQGLEVKGALDPILQKRKDIRAIFHTASPVLFESKDVYNEVFVPAVEGTKNVLESIYLHAPQVKKLVVTSSLAALASYDQNMDPNFIIDETNYNNTTMEETLKNGSNGYYGAKTFAERAVWDFKRNKYPNFEVTMIMPSYTIGPQAFDSEVNGNQLNTTAQWVADLLKLKPEDPIPGFLDSQIDVRDIARAHVVALENPNTNGKRYFMRLSRTNMQQILDIIHKHFPKEFGHLPKGKPITDYYNEIFVKAAYIDDTETRKIMDFDYISLEQTIIDTINQILRTK,Hyphopichia burtonii NRRL Y-1933,hypothetical protein,1,0.0,0.0,0.0,,0.0,4.2,-100.0,0.0,0.1,-100.0,0.0,0.0,,,Ort-RDM-1_3,0.312,278,190,0,10,286,17,294,3.450E-24,98,2.62,0.80916,0.4898455142974853,45.0,35.0,0.7777777777777778,n.d.,n.d.,n.d.,n.d.,n.d.,n.d.,n.d.,n.d.,n.d.,n.d.,n.d.,n.d.,n.d.,n.d.,672.62,471.32,1.68,-0.11,11.0,5.0,10.0,1.0,3.0,0.0,0.425,3098.0
Ort-EZM-6_11,1,KGT70854,MSGETVFVTGATGYIAQHIIKQLLSKGYSVIGSVRSQSKGEQLKELITAHHQDTTGDAKFDYVIVESLIEPGAFDSILQNHKEVGVFIHSASPIPFATDNVEKDILQPAIDGTKNVLTSIKKYGNENIKKLVITSSIAAVEPLGTGQTEPKTISEKDWNPITFEQGLANPAVAYYASKTLAEREVWKFVDENKNQLNFDVAVINPSFVFGPQAFGIKDKSAALRSTGEIINSVLKLKSNDPIPSLVASFIDVRDVARAHIIAFEDDDAIGQRLILDNEIFTKELIAHLIKKNFPSLDIPEGDIVKSEEEIANYPWRVDSTKTEKILGFKYISLDKSVVDTVNQLI,Candida albicans 12C,hypothetical protein,1,0.0,0.0,0.0,,4.6,0.0,100.0,3.4,0.0,100.0,0.0,0.0,,42.72550964,Ort-RDM-1_3,0.312,336,222,0,6,329,2,337,3.536E-27,107,2.73,0.83431,0.3831452429294586,47.0,30.0,0.6382978723404256,402.0,47.0,0.9739999771118164,0.9769999980926514,0.9520000219345092,0.9610000252723694,0.0630000010132789,0.0489999987185001,0.031,0.027,0.897,0.93,0.4347826086956521,0.0,578.66,433.28,1.56,-0.15,14.0,3.0,9.0,0.0,4.0,0.0,0.205,2678.0
Ort-EZM-6_12,1,ODV67907,MTASTTVFVSGATGFIAKHVVKDLIKKNYNVVGSVRSSEKGDHLAEQLNSDKFCYEVVADISVPGAFDQCLKNHPEITVFLHTASPFHFYTDNVENDLLKPAIEGTHNALNAIKKYGPQIERVVITSSVAAMASFEQLSNPNHVVNENSWNEINWEKAISNPFDGYFGSKTFAEKAAWDFVKTEKPNFILSTVNPSYVFGPQAFDEDAKGTLGTSAEVITGLLRLRKEEDIPNQRATFIDVRDVSNAHIVAFESDDAKEKRLVLIAAKEFSSQELLDIIHSNFDQFSEVPVGKPGTKSGQDGCIMDTKETLNILKTEFIGLEKSVVDSIQQYSNANN,Hyphopichia burtonii NRRL Y-1933,NADPH-dependent methylglyoxal reductase GRE2,1,0.0,0.0,0.0,,5.9,0.0,100.0,0.0,0.2,-100.0,0.0,0.0,,,Ort-RDM-1_3,0.337,275,181,0,8,281,5,279,1.391E-30,117,2.61,0.85548,0.4295079708099365,45.0,28.0,0.6222222222222222,n.d.,n.d.,n.d.,n.d.,n.d.,n.d.,n.d.,n.d.,n.d.,n.d.,n.d.,n.d.,n.d.,n.d.,308.45,242.83,1.57,-0.44,5.0,4.0,5.0,0.0,1.0,0.0,0.32,1896.0
Ort-EZM-20_1,1,CAX43883,MSGETVFITGATGYIAQHIIKQLLSKGYSVIGSVRSHTKGEQLKELITAHHQDSTGTAKFDYVIVESLTSFGAFDSILQNHKEISIFIHTASPIPFPTDNIERDILNPAIDGTKNVLQSIKKYGNDNIKRVVITSSIAAIKPFGDEQTELKIISEKDWNPITFEQGLDNPIIAYYASKTLAEREVWKFIDEQSGNDNQINFKLAVVNPSFVFGPQAFGIKDKSAVLRSSAEIVNSILKLKSNDSIPSFVASFIDARDVAKAHILAFENNNTIGQRLLLNNEIFTKELIAHLIKKNFPSLDIPEGDVVKSEEQIANYPWRVDSTKTEKILGFEYIPLEKSIIDTVNQLI,Candida dubliniensis CD36,D-lactaldehyde dehydrogenase,1,0.0,0.0,0.0,,5.5,0.0,100.0,3.1,0.0,100.0,0.0,0.0,,44.94052505,Ort-RDM-1_3,0.301,339,226,0,6,329,2,340,1.435E-27,108,2.84,0.83009,0.5561849474906921,45.0,36.0,0.8,n.d.,n.d.,n.d.,n.d.,n.d.,n.d.,n.d.,n.d.,n.d.,n.d.,n.d.,n.d.,n.d.,n.d.,597.89,427.87,1.54,-0.13,14.0,4.0,9.0,0.0,4.0,0.0,0.314,2768.0
Ort-EZM-20_2,1,CCE40418,MSIFVSGATGFIAQNIVKQLLQANYKVIGSVRSTEKGETLSNNIKGSQLPVGNFKYEVVKDIAADGAFDNALDLHPEVEVFIHTASPVKFDVEDIKRDLLDPAIYGTTNALKAIQKHGKNIRKVVVTSSLAAVAGSRTVLKEGESVTEQNWNPVTWEESLHEVSDGYAGSKKFAEETVWKFVKDESPKFTVTTILPGVVFGPQAFPDFDRDGLNYSSQVINELLKLKPSDKIPQEAGLFVDVRDCAKAHIVAFVKEDAANKRLFAVAGRYNNQEVVDIIRSNFDELDQILPKGNPEDAKKYSPRSNRYDQSVTRSVLDYKFIGLEKSVVDTVAQLLD,Candida parapsilosis,hypothetical protein,1,0.0,0.0,0.0,,5.1,0.0,100.0,0.0,2.6,-100.0,0.0,0.0,,,Ort-RDM-1_3,0.289,326,227,0,10,329,3,328,3.450E-24,98,2.74,0.84826,0.5195901393890381,45.0,35.0,0.7777777777777778,n.d.,n.d.,n.d.,n.d.,n.d.,n.d.,n.d.,n.d.,n.d.,n.d.,n.d.,n.d.,n.d.,n.d.,632.45,434.39,1.77,-0.24,11.0,3.0,8.0,1.0,3.0,0.0,0.386,2927.0
Ort-EZM-20_3,1,EER35026,MPVVTVFVSGASGFIAQELIKQLIAKNYHVVGSVRSPQKGDSLKDYLKSAGLKSDNFSYEVVKDIAVECAFDEALKKHPEVTVFLHTASPFHFRAKDIENEMLIPAINGTTNALKAIVKYGPQIKHVVVTSSVVAVGKYGKYAGANDKFNETDWNPIDYETSKKNPFYGYFGSKKFAEKSAWEFINTEKPNFKLSTVNPAMVLGPQAFPITSTRELNTSSEEINSLLKLKPGDKINSLEGTYIDVRDVARAHIVAFENDDAKGKRLLLVAEMYNGYDLLDIVNKNFPQLNLPKGDSSKGITGKVDKWNTKATKKILEFEYIGLERSVVDSVKQILDTKSGSSKL,Candida tropicalis MYA-3404,hypothetical protein,1,0.0,0.0,0.0,,4.2,0.0,100.0,0.0,0.2,-100.0,0.0,0.0,,37.50934855,Ort-RDM-1_3,0.311,323,220,0,9,329,5,327,4.775E-27,106,2.73,0.8435,0.4706812500953674,44.0,31.0,0.7045454545454546,n.d.,n.d.,n.d.,n.d.,n.d.,n.d.,n.d.,n.d.,n.d.,n.d.,n.d.,n.d.,n.d.,n.d.,324.22,250.94,1.65,-0.44,5.0,3.0,7.0,0.0,1.0,0.0,0.304,2006.0
Ort-EZM-20_4,1,EGW34746,MTSTSVFVSGANGYIAQHVVKQLLAKGYSVVGSVRSEAKGEELKSLINNDKFSYEVVPSLTEKGAFDDAIKKHPEVTVFLHTASPVSFSIKDIENDLVKPAIEGTVNALSAIKNYGPQITRVVVTSSAVSILGFGPYFDSDKIYNEDDWNPITYEEGLTNPHFGYFSSKKFAELAANDFVAKENPKFNISFVQPVYVFGPQAYAVKDKANLNFSSEIVNRVVKLSKDDKIPEEAAEFIDVRDVARAHIIAFESDEAISKRLFLAAETYTLDSIADIINRRFPQSTVPKADLSKNAEILKTAHKIDNSRTRKILGFEFKTLEESVYDTVEQINNA,Spathaspora passalidarum NRRL Y-27907,hypothetical protein,1,0.0,0.0,0.0,,6.1,0.0,100.0,0.0,2.9,-100.0,0.0,0.0,,43.19983164,Ort-RDM-1_3,0.315,327,223,0,8,334,4,329,1.435E-27,108,2.65,0.8533,0.3733662664890289,45.0,32.0,0.7111111111111111,n.d.,n.d.,n.d.,n.d.,n.d.,n.d.,n.d.,n.d.,n.d.,n.d.,n.d.,n.d.,n.d.,n.d.,375.19,274.07,1.47,-0.37,9.0,5.0,6.0,0.0,1.0,0.0,0.35,1735.0
Ort-EZM-20_5,1,EGW35041,MTSTSVFVSGANGYVAQHVVKQLLAKGYSVVGSVRSVAKGDQLKATINNDKFTYEIVPSLTDKEAFGEALKKHPEVTVFLHTASPVNFSPEDIENDTIKPAIEGTVNALNAIKEHGPQIKRVVITSSGVTMWGFGPYFDESKVYNEDDWNPITYEEGLSNAWFGYFASKKYAELAANDFVAKEKPNFDLSIVHPTFVFGPQAYGIQDKSSLNHSSELINSVVKLGKDDKIPEEGSVFIDVRDVARAHLVAFESDAAIGQRLLLGAEDWTKDLIADIINRQSSKLKRLFTSMTTQELEKFLGLISNPLKILSMISLNNSIMLK,Spathaspora passalidarum NRRL Y-27907,hypothetical protein,0,,,,,,,,,,,,,,,Ort-RDM-1_3,0.324,298,199,0,8,305,4,299,5.261E-26,103,2.78,0.78983,0.2746434211730957,46.0,28.0,0.6086956521739131,n.d.,n.d.,n.d.,n.d.,n.d.,n.d.,n.d.,n.d.,n.d.,n.d.,n.d.,n.d.,n.d.,n.d.,705.89,495.31,1.79,-0.13,11.0,6.0,10.0,0.0,4.0,0.0,0.392,3265.0
Ort-EZM-20_6,1,EGW35463,MTSTTVFVSGANGFIAQHIVKQLLAKGYTVIGSVRSHEKGEQLKQLINNDQFSYEIVSSLTDKDAFVDVLKKHPEITIFLHAASPVSFSVEDIENDLLKPAIEGTTNALNAIKEYGPQIKKVVLTASAVNIFGFGPHFDADQVYSEDVWNPITYEESLANGFFGYLGSKKYAELAARDFVAKEKVNFDISFVNPPYVFGPQAYAVKDKANLNLSNEVVNSVVKLTKGDSIPAEGSVFVDVRDVARAHIVAFENDAAASQRLFTASSRYTLDTIANIINKKFPDTTVPKGDESRNEEIYKSIHKFDNAKTNKILGFEYITLEESVSDIVDQIYNV,Spathaspora passalidarum NRRL Y-27907,hypothetical protein,1,0.0,0.0,0.0,,6.1,0.0,100.0,0.0,2.7,-100.0,0.0,0.0,,43.84313965,Ort-RDM-1_3,0.313,322,220,0,8,329,4,324,3.536E-27,107,2.64,0.84923,0.3012655675411224,45.0,29.0,0.6444444444444445,n.d.,n.d.,n.d.,n.d.,n.d.,n.d.,n.d.,n.d.,n.d.,n.d.,n.d.,n.d.,n.d.,n.d.,363.96,262.58,1.5,-0.41,9.0,4.0,5.0,0.0,1.0,0.0,0.294,2212.0
Ort-EZM-20_7,1,EGW35479,MTGTTVFVSGANGYIAQHIVKQLLAKGYSVVGSVRSSSKGEELKNLVKSDKFSYEIVPALGDKGAFDNALKKHPEVTVFLHTASPVSFSVNDIEKDLLRPAIDGTVNALQAIKDHGPQIKKVVITSSAVANLGWDKYFDGNKIYTEEDWNPITYQESLENAASGYYGSKKFAELAALDFIEKEKPNFAVSFVNPVYVFGPQAYAIKDKAQLNLSAEVINGVAKLGKNDKIAPFGSHFVDVRDVARAHLVAFENEEAISKRLIVASSGFTLDSIAHIINEHFPNSTVPKGDLSRNPEISKTNIQKVDSSKSNKILGFDLIPLEKSVVDTVQQIYSV,Spathaspora passalidarum NRRL Y-27907,hypothetical protein,1,0.0,0.0,0.0,,5.6,0.0,100.0,1.0,1.7,-23.2,0.0,0.0,,,Ort-RDM-1_3,0.301,312,215,0,7,314,3,314,4.775E-27,106,2.55,0.85584,0.5638328790664673,48.0,35.0,0.7291666666666666,392.0,48.0,0.9789999723434448,0.9800000190734864,0.9629999995231628,0.9660000205039978,0.0529999993741512,0.0370000004768371,0.021,0.022,0.928,0.909,0.4418604651162791,1.0,594.0,450.84,1.62,-0.21,15.0,5.0,10.0,0.0,3.0,0.0,0.392,2719.0
Ort-EZM-20_8,1,EGW33854,MIDMGINTASVMVFVSGANGYIAQHVVKQLLAKGYTVVGSVRSESKGDELKLLIQNEKFSYEVIPTLSDKNAFDAALKKHPEVTVFLHTASPVSFAIEDVENDLVKPAIEGTLNALRSIKEHAPQITRVVITSSAVAMWGFGSHFDGNKVHDELDWSPITYEEGLAGASFGYKSSKKYAELAAHDFMTKEKPNFAITYVHPTYTFGPQAYVVKDKKNLNLSNEIVNQVIKLGKDDEIPEHGNVFADVRDVAQAHIVAFESDEAIGQRLLLASGDFTLDSVAEIINRRFPHSNVPRGDVSRNEEIKKKMIHKYDNSKTRKILGFEFKTLEESIYDMVEQLDNA,Spathaspora passalidarum NRRL Y-27907,hypothetical protein,1,0.0,0.0,0.0,,2.1,1.9,3.7,1.9,0.9,38.5,0.0,0.0,,,Ort-RDM-1_3,0.311,325,223,0,10,334,13,337,1.900E-24,98,2.64,0.84461,0.2659005224704742,46.0,29.0,0.6304347826086957,n.d.,n.d.,n.d.,n.d.,n.d.,n.d.,n.d.,n.d.,n.d.,n.d.,n.d.,n.d.,n.d.,n.d.,544.97,402.33,1.46,-0.09,13.0,3.0,10.0,0.0,3.0,0.0,0.329,2522.0
Ort-EZM-20_9,1,EGW32862,MSTTSVFVSGANGFIAQHIVKQLLSKGYNVVGSVRSEAKGEELKSLVNNDKFSYEIVPSLTEDGAFDDALKKHPEVTVFLHTASPFSFSVKDVENDLMKPAVSGTLNALKAIKEHGPQIKRVVVTSSAVAVFGFGPQFDANKVYNEDDWNPVTYEQALSNPMFGYFGSKKYAEKAAHDFVAKETVNFGISFINPPYVFGPQAYAIKDKTTLNTSNEVINKVVKLTKNDVLPAEGHVFVDVRDVARAHLVAFEKDEAVSKRLLLVSGSYTLDTIANIINKKFPQTTVPKGDESRNPETSKRIHKFDNSRTQKILGFEFKPLEESIIDTVDQIYNA,Spathaspora passalidarum NRRL Y-27907,hypothetical protein,1,0.0,0.0,0.0,,6.2,0.0,100.0,0.0,2.6,-100.0,0.0,0.0,,46.1592598,Ort-RDM-1_3,0.317,310,209,0,8,314,4,313,9.550E-29,111,2.65,0.85449,0.3980471193790436,45.0,29.0,0.6444444444444445,n.d.,n.d.,n.d.,n.d.,n.d.,n.d.,n.d.,n.d.,n.d.,n.d.,n.d.,n.d.,n.d.,n.d.,295.92,234.96,1.37,-0.41,6.0,4.0,6.0,0.0,1.0,0.0,0.316,1370.0
Ort-EZM-20_10,1,EGW32253,MTSTSVFVSGANGFIAQHVVKELLSKGYTVIGSVRSEAKGEELKSLVKNDNFSYEIVASLTEEGAFDEVLKKHPEVTVFLHTASPFSFSVEDVEKDLMKPAINGTLNALNAIKKYGPQIKKVVITASAVANFGFGPHFDAEKVYNEDDWNPITYKESLENSFFGYFGSKKYAELAVHDFMAKETVNFDISFINPPYVFGPQAYVVKDKANLNLSNEVINRVVKLSKDDTIPAEGSVFVDVRDVARAHLVAFENDETVNKRLLTIAGRYTLDTIANIINRYFPSTTVPKGDESRNDEIYKNVHKYDNSRTNKLLGFEYTSLADTIFDTVEQIYNA,Spathaspora passalidarum NRRL Y-27907,hypothetical protein,1,0.0,0.0,0.0,,5.7,0.0,100.0,0.5,2.2,-61.4,0.0,0.0,,,Ort-RDM-1_3,0.289,310,218,0,8,314,4,313,9.091E-23,93,2.69,0.84928,0.3727456331253052,44.0,31.0,0.7045454545454546,n.d.,n.d.,n.d.,n.d.,n.d.,n.d.,n.d.,n.d.,n.d.,n.d.,n.d.,n.d.,n.d.,n.d.,310.61,252.01,1.48,-0.42,7.0,4.0,6.0,0.0,1.0,0.0,0.288,1933.0
Ort-EZM-20_11,1,EGW32291,MTSTTTIFVSGANGYIAQHIVKQLLEQGHTVVGSVRSANKGEYLKELTQSNKFSYEVVSDISAPGAFDDALKKHPDVTVFIHTASPVTFQADDIERDIILPAIQGTKNALTAIKTYAPQVGRVVITSSLGAVFGFDEYFEKDKVYDEDSWNPIKYKESLLNARNGYYGSKKFAELAAVEFVENEKPKFAISFVNPSFVFGPQAYAIKDKNQLNLSAEVVNKVLKLKPTDNIPVFAGRFVDVRDVARAHLIAFEKDEAINKRLLMITSLASNEQIAYYINRHFPELPIPRGDLKKSEEQLKGSHKYDNSRTKALVGFDFISLEDSVVDSVQQVLDTK,Spathaspora passalidarum NRRL Y-27907,hypothetical protein,1,0.0,0.0,0.0,,5.5,0.0,100.0,0.4,2.0,-63.3,0.0,0.0,,43.02394613,Ort-RDM-1_3,0.309,327,225,0,8,334,5,330,5.261E-26,103,2.73,0.84601,0.4556274712085724,45.0,33.0,0.7333333333333333,n.d.,n.d.,n.d.,n.d.,n.d.,n.d.,n.d.,n.d.,n.d.,n.d.,n.d.,n.d.,n.d.,n.d.,509.11,403.83,1.63,-0.18,12.0,4.0,9.0,0.0,3.0,0.0,0.298,2357.0
Ort-EZM-20_12,1,CCG22283,MTVIVTGATGYIAQHIIKELLKENCNVIGTVRSESKGEYLSSLINSPYFTYAVVPNIIAEGAFDQLLTENNDVDCFIHAASPVDFQAKDIQNELLRPAIEGTKNVLHAIEKYGNVKNIIVTSSTAAVRDSSGNRDPEKWINESTWNKITLEQGLVSARLGYDVAKTFAEKEVLKFADKNKGIFNITTVNPTFVFGPQAYEVKCKEKLNESAEIVNRVLKSNPADEIPLHVGRFIDVRDVAKAHVEAMKRPEEFDGKRLILLHAGCTNELIASIINKHFPNVNIPKGSLEKHEEQMKTGDMKWDNSETKALLGFEFMCVEDSNIETVKQILDAK,Candida orthopsilosis Co 90-125,hypothetical protein,0,,,,,,,,,,,,,,,Ort-RDM-1_3,0.299,310,214,0,9,314,2,311,9.727E-22,90,2.78,0.84741,0.4351999759674072,46.0,30.0,0.6521739130434783,n.d.,n.d.,n.d.,n.d.,n.d.,n.d.,n.d.,n.d.,n.d.,n.d.,n.d.,n.d.,n.d.,n.d.,552.96,413.36,1.44,-0.2,13.0,4.0,10.0,1.0,4.0,0.0,0.338,2556.0
