ID,refined,homolog_id,sequence,organism,annotated_function,solubly_expressed,SeqID,TM-score,pI,SoluProt,Protein-sol,NetSolP (ESM1b distilled),NetSolP (ESM1b),NetSolP (ESM12)
Ssal-KRED,0,Q9UUN9,MAKIDNAVLPEGSLVLVTGANGFVASHVVEQLLEHGYKVRGTARSASKLANLQKRWDAKYPGRFETAVVEDMLKQGAYDEVIKGAAGVAHIASVVSFSNKYDEVVTPAIGGTLNALRAAAATPSVKRFVLTSSTVSALIPKPNVEGIYLDEKSWNLESIDKAKTLPESDPQKSLWVYAASKTEAELAAWKFMDENKPHFTLNAVLPNYTIGTIFDPETQSGSTSGWMMSLFNGEVSPALALMPPQYYVSAVDIGLLHLGCLVLPQIERRRVYGTAGTFDWNTVLATFRKLYPSKTFPADFPDQGQDLSKFDTAPSLEILKSLGRPGWRSIEESIKDLVGSETA,Sporobolomyces salmonicolor,Aldehyde reductase 2,1,1,0.99011,6,0.895,0.366,0.532043023,0.542847146,0.497767445
Ort-RDM-1,0,PWN99435,MSNAPIAPGSLVLVTGGTGFIGSHVVRTFLHDGFRVRLPARTQEKGDKFVKHFSEYADKLEVVVIPDALREGAYDEAVKGVAGIAHLATAIDIQSTDYDAVVPPSIAGTVGVLQSALKYGPTVQRVAICSSSGASGQPNPVPRAKFEADPSIAQKLDASTWNDKSIETIEAQRKNGKVTDGFQLYYVSKVLAERAAHDFIKNEKPNFTISMILPNANFGDMIPCATGTSTGGWSQAVADGQDMNQIDPQWFVNVDDTARLHVQALVSPDIKQGERIWAVSERFTWNDIAAEVKKNKPEANVVTVEGDKDRVDASDIDASRAQELLKEFGGFQGLAVTVRQGLGLEKPRI,Tilletiopsis washingtonensis,NAD(P)-binding protein,1,0.326,0.88999,5.56,0.471,0.525,0.55061387,0.546633851,0.536107698
Ort-RDM-2,0,ORY53991,MSPSVLPAGSTVLVTGANGLVASHTIEQILKAGYKVRGTARSAEKLAGLKKRWDSEYGVDKFEIAVVEDLLADGALDEALKGVSGVAHIASVVNFGIKREDVVIPTVNMTLNVLKSAAKFPEVKRVVLTSSSAAALIAQPGVPGITADETTWNETAVALSKALPEEFDHTTKAFIVYSASKAEGERAAWDFMAENKASGPSFEFNAVLPNLVMGKILDEESQHGSTSGWIRDYFLGKNEFVKALPAQYYVNAEDTGLIHLGALTLPDVAGQRLWAAAAPYNLDDMLAAFRKLYPSRTFPDDVQSSRDLSVIDHSKGEAVLKALGRQGWQSLEASIEQLVGRE,Leucosporidium creatinivorum,aldehyde reductase 2,0,0.539,0.95894,5.34,0.549,0.597,0.56763455,0.602392557,0.55283378
Ort-RDM-3,0,KIM80149,MSTPDKVIPKGSLVLVTGANGFIGTHVVEAFLVAGYKVRGTVRSVNKILALQSRWEKKYGVGTFEVAVVEDYTKDGAFDDAMKGVSGVAHAAGDLSFSPVPSEVIDPMVKNVILVLKAATAQPTIKHFVLTSSSYACFFPRPNVELDVGEHMWNEESVEKAYSLAETDPLKPWHVYAASKVLIEKAAWKFMKEEQPAFSMNTIMPNATFGPILDLAQVTSTAGMLKGLFEGNWAAFSGILPQWCVDVRDVGRLHVLAMTSPSLSAGGVRIYTAAEPFNTNDVLQLLRKLYPKKTFLPDVEGLGRDITRVDNKRGGALLGGWIKFEESIKANTENL,Piloderma croceum F 1598,hypothetical protein,0,0.468,0.95463,7.03,0.47,0.379,0.489235865,0.509056312,0.470688668
Ort-RDM-4,0,PYH81298,MSRFIDHSRDLAIPLGSLVLVTGISGMIAIHIADEALRAGFRVRGTVRTAARAHEVRSLLPSPDLEIVLVPEMGAQGAYNAALTGVSAVIHCASITNFSPDAESVIPTTVNALVGLLEGALLHPSVKRVVFTSTSGAASKPRPGVQFAIDRDSWNQEAVELVEREVSEDERSKMGFEWGYQVYVASKVKAERAAWRFVAERNPPFVVNVINPAMNWGKVMGSMGISGLHVQTILNGQIPPIPSVYMVDTIDDARIHVAAAIDVTVASERIFACDEPFTWGRVVDIIRRVLPDAMLPRADPDQLVDLSTVDNTLGARLLTKWWGQAGYKGLDQTIRETVEMCLERGSYSR,Aspergillus uvarum CBS 121591,NAD(P)-binding protein,0,0.302,0.89936,5.88,0.258,0.381,0.478983298,0.484586364,0.45203145
Ort-RDM-5,0,ODN75553,MTPIAKGDLVLITGASGFVAAHITEELLRSGYRVRGTVRSAAKGEYLKKLYPGQPFEYVIIKDVEQDGALDEAVKGIDAAIHSASPCTTTGTVAEELIGPAVKGTTELLYALQKYAPGAKAVVLTSSTAAIQNFRGPENPVPWHETSADWNVLSEPYIENNPPSDPMWGTHAYMASKIKAEQAFWEFMKVHKPTWQGTVINPPWIFGPVLHDFKDVASLNLSCKLFWDWVSGEKGEKDLPGPIVGGWVDVRDVAIAHVRALERPQAASQRYIVCGGRLAGQHWVDVLHAHYPGHPLIKKNTPVGVKGSGDEAIKVLNTHDQVTAQEALGLEYTSLEQSTKDMFETIAKKLGVFEDAPV,Cryptococcus amylolentus CBS 6039,hypothetical protein,0,0.318,0.84507,6.1,0.558,0.337,0.582904124,0.595713871,0.51894942
Ort-RDM-6,0,KNG79871,MPQATVTLPAGSLILVTGANGFIASHIVDQFLQRGYRVRGTVRSRKPWLDDYFTTRHGAGHFESALLPDLRNVDVLDRLLDGVAGVVHVASDVSMSPDPEIITKSVASTLSVLEVAARHDSVTQVVLTSSAFAASFLQPGQPGVNIDSSTWNDGAVKSARDRSVPEAQKPILVYAASKTESEREAWKWVKQNNPGFGFNTVLPAMVFGKILHPEIGGSTMAFVRNLLSGNRAGIDDIPPQWFVDVEDTARLHVAALLDGRVKSERLFAFATPYTWTDIVDILRKAFPLNSSIPQAPENEGRNFIQVGPSVRAENLIKEFWGRDGWTSLRESTLAELGTLKGLR,Aspergillus nomiae NRRL 13137,cinnamoyl-CoA reductase,0,0.366,0.93325,6.77,0.287,0.336,0.469053451,0.454100136,0.466258726
Ort-RDM-7,0,KZT58659,MAPLAPGSHSLIVVVGITGYIASQTGLQALKAGYRVRGTVRNKAKAEELRAAYAKEGADVSPENLEFVDLDDLLSEAQFEAAFTGADGVIHPALPDLTGEDAVNEIIQSTLIPLRAATKAGIKRFVLTGTLVSVITPGPKVPTDRLITDKDWNDEAVEAWKNASEETKKSPAFVGLKYMAGKVLGERAGWKYMETESPPFEFTVVLPAQTWGPKVYGTTSTSLGWLAGLLNNDATGALTRSPIYVEDVRDAAKLHILSLYEPETAGRRIWAAGHPVGWHQVLEILRKHFPNEAIPKDPPASPLDPCPWRIDMALEVKLLGGKWIDLETCMVDAAKSLGYTDAI,Calocera cornea HHB12733,NAD(P)-binding protein,0,0.315,0.87956,5.35,0.364,0.549,0.528704571,0.535842155,0.510835871
Ort-RDM-8,0,GBF63150,MAFTDSDLVVVTGANGHVAQHVISQLLSSHTPVRIRGTVRSSMVAQKLYAAFRPFVSGGRLEIAIVPDLTVDGAFDDALQGATYVAHIASPLNISPENVENDLLIPAIKGNICILESIMKQTGVKAVVITSSFVAAFDARHGFREGYTYSSADWNPISYDEAADPRHDMSQYPEMWRPWITYMASRTLAEKAAWDFYRKHQPTWALSTLLPSFIGGPFVLPLTKGADSLTFSTGLIWRTALGGEPLFHNDFPHWVDVRDVAKAHIQALIIPAAWGRRLMLGPWPLLFSDIARIVQKHYPDMNSTRENQQVTAVA,Trichophyton mentagrophytes,oxidoreductase,0,0.32,0.8665,6.78,0.492,0.203,0.409028321,0.402674212,0.368587302
Ort-RDM-9,0,ORY92490,MSNDIPPLMLITGSSGFVGSEIAFQALKQGLAVRLVFRKPSQAEAWEAAYGEYKERTETVVVQDFAVPGAFDEAVKGVSFIAHAATPINFHPKDNKRDVLDPAIDGLLGLLKSAQKAPSVKAFVYTSSIAAYADLTKPFAKNEVLTEKHFVPFTYDQAAAFPPEDGFFTYSASKELSEKPGQEFMNREKPSFTFTTIAPTLVLGEDHQVPLTWEMGKSVSSLAWAFGAIESKKYPSSIGQSIDASQGSIPFVNVVDVARAHTLAAQTPIAAGKRYGMAAGYVTYEEIGRVAAEAVPDHAYCWPHTEGKQAEPLVHFESSTVEKDLGFKYIGLEETVASFARQMFSLPGAPPPAKAAAA,Leucosporidium creatinivorum,hypothetical protein,0,0.306,0.81933,5.54,0.484,0.48,0.551911785,0.540029291,0.59739159
Ort-RDM-10,0,KJJ29487,MSSDDLVIPKGSLVVVTGANGFIGSHVVDQLLQHGYNVRGTVRNVAKNSWLNDYFSAKYGPGRFSLAEVPDMSHEGAFDEVVKGAAGIAHVATPVRQFHDPNIAVPMVVNGTVNVLASAAAEPLVRRVVITSSSTAAASPQPNKVFTMDEKTWNETAVKAAWAPPPYEGLQRRLDVYSATKTQAEQAAWKFMEDKKPDFVLNTVLPNVNMGTILSPENQGYPSSGGWVKAVWDGFPGEEGEKLKYNPPQYYINVQDDALVHVAALIYPDVQNERLFAFAHPYSWNDILDALRRLYPQQKFIDDIPNIGEDKSKVANQRAEELLKRVSGLPAWTSLEQSVHDATKA,Aspergillus flavus AF70,aldehyde reductase II,0,0.457,0.9337,5.82,0.604,0.405,0.46808979,0.462108178,0.463919485
Ort-RDM-11,0,KIJ46908,MKEITLVTGASGYIGAQVADHLLKAGYALKFRSCRSTKAAELRRKCDSPDFEIVVVEDLIAGDFSNALKGISSIVHVASPLVNGSDHVNVAVNGTLNLLKQAYAMKVYKVVIVGSFGSMFTTVEETCDESRIFRESDWNTWTEEDSRQPGFRPFFLYTTSKALAERATWKFSESHPEMNITVLNPPFVYGPMAPRQVISGLDSTLSTNEMVYCLMAGHMAEYPPWHLPPQTVDVRDVAEAAVRSLSLPHSPGQIRRILLASGSFSWQEAVYHIGTIKPHLKHRLVNQGESCIPEPVTASKIDTSMAEKLLGMTCFIPWQKSIEDTVNCLLEEERRWT,Sphaerobolus stellatus SS14,hypothetical protein,0,0.262,0.84588,6.36,0.483,0.273,0.451859676,0.387758721,0.471472087
Ort-RDM-12,0,CCC13794,MTETWFCICWCGGTGFIASHILDHLLECGFDVVVTARSQAKGERILASIANAPNVVSSVGCKVTYAVVDDIAQLGAFDEAIQSNAPIHYVIHTASPYQLSFSDPLNDCLLPAMNGTISLLTSLQQHASPSLARVVFTSSSAAILNPPNHRDVYDESSWPDDETLNWDIAKDPNAPGDTTYRASKKYAEKAAWKFMDEHKPSWDLATINNTYTFGPLPRSLEVKNGEELKVNTSNERIVDCLTGKWHDKIPPTAPVFTFVDVRDVAVAHVRAMTRPEAGGKRFYVVGGLFSNPRIASVIHGMSRANSIGYEGPQIEKGTDVEVCQDCLMYDDFPYNTHWSFDNTRSKEVLGLEYRKLGESVVDTVKSLKGMGIGMDVLRIDGHCQRTTQGIKVE,Sordaria macrospora k-hell,unnamed protein product,0,0.29,0.74522,5.59,0.421,0.364,0.484548425,0.410633927,0.424805539
Ort-RDM-13,0,EGW31012,MSPTSVFVSGANGFVAQHVIKLLLAKGYAVVGSVRSATKGDELKELVKSDKFSYEIISELGDKPGFDAALKKHPEVTGFMHIASPVGFTATDIEKELIRPAVDGTVNALKAITEYAPQINKVVITGSVVSVFGFGPHFDGNKVYTEDDWNPITYEESLSNPMFGYFVSKKFAELAALEFIEKEKPNFDTSFVIPCYVFGPQAYGVKNKKKLNLSNEIINTVVKLGKDDKIESFGSVFVDVRDVARAHLVAFENKRAVPKRLLLISEKFSLDSIAHIINEKFPDSSVPKGDISKDVELEKSIQKFDNSKTKEILGFDFIPLEKTVEDTVTQVL,Spathaspora passalidarum NRRL Y-27907,hypothetical protein,0,0.265,0.85856,5.97,0.514,0.605,0.634290296,0.61893792,0.5448394
Ort-RDM-14,0,EXU95441,MSNSGPLILITGGTGFIGNHTVAQFLSHGYRVRATARNKDSCSRLLAIHDKHRESIETHVITDITLPGAFDQAVKGVDGIVHMASPFTYSITDNEKDLIIPAINGTRRILESTVSFAPQVKRVVLTSSFASIVDFSQGLWPGHVYDETQWNPITFQAAKDDKRGLAYAGSKKLAEQAAWEFTKTTAGVNFSLATINPPMVYGPPFPGSANLRHLGQSASEIYALMNGSVTAVPPTTLPAFVDVRDVAKAHRLAFETDQPQRFLVSGGSFDMQQVCDLLRENIPKLKSRVPIGNPGHESVGEHYLIDCSKARNVLGIEFLPFSSTFLDMADTFMQLEELEKTPASV,Metarhizium robertsii,cinnamyl-alcohol dehydrogenase family protein,0,0.328,0.84183,6.59,0.544,0.276,0.5838366,0.57694592,0.462487972
Ort-RDM-15,0,PMD38917,MASNHIVLVTGISGFLGSHVADQFLEAGYKVRGTAREVSKVDAIKKAFDSKYGEGRVEVVAVPDITVEGAFDEAVKGTHAVAHVASIMSFDKDPAKVIPPTVNATTSILNSCLSISSIKSFVYTSSSSAVSMPKPNVPCKYDSNSWNDDDVKAAWKPEPWDENHQWTVYAASKTEAEKALWKFRDEKRPHFTINSVLPATNFGPVITPDTVSSTANFVPMIYGGNVGALLGVLPQYYIDVRDTGRLHVAAVKFLEVENERLFGWVEPYNWNTVLTVLREIRPQHQFPENVPGLGEDMSKVSTVKEEELLRRLGRIGWIKLPQAVEDGLKSMSM,Hyaloscypha variabilis F,aldehyde reductase,0,0.427,0.94778,6.19,0.462,0.373,0.519092526,0.524662665,0.47044226
Ort-RDM-16,0,EDK39148,MSTTVFVSGANGFIAQHIIKQLLEKNYKVIGSVRSQQKGEDLIKNFKSSNLSYEIIESLSKEGAFDKALENHPEVEVFLHTASPATFATEDLKNDLLLPAIDGTKNVLKSIKAHGKNVKKVVVTSSIVSIAKVTRGPTGTINEKEWNDITWDEGLQNGLTAYVASKTFAEKAAWEFVETNKPSWTLTTVNPVFVFGPQAFDSSVKGGMNLTSEILLSSLRLKPEDPLPETDGYFADVRDVARAHIAAFESPDAAGQRLLVNSEEFNFRKILDIINKKFPQLNVVKGSSEKVKLPYVLDSSASRKIIGDKFIDLETSVYDCVKQYVDNN,Meyerozyma guilliermondii ATCC 6260,hypothetical protein,1,0.316,0.86912,6.28,0.624,0.53,0.66324082,0.644723417,0.526783217
Ort-RDM-17,0,KIY00742,MSSVPPGGLILVTGANSYVGSVAIQVFLQRDYRVRGTVRNVARHAWMTGHFGPRFELVEVSEISSPGAFDEAIKDVDGIAHLAMNMDMDPQNQAVIHDTIATNLHLLRSAAREPSVKSVVITSTSAACTLPTTGMPYKIDATTWNTAAIEHTSKPWNGEGNPRWHRILLYGAAKARGEQEAFAWVLQHKPRFSFNTVVPKVNFGTAVAPENMGYPRQILLKSVDERVVDADQVDNQRSVEVLKKMGKADGFTSVEDTLVKAVHTILENQCENVPKTRIDLFHESLASQSSDGT,Fonsecaea multimorphosa CBS 102226,hypothetical protein,0,0.238,0.76325,6.72,0.403,0.352,0.410023895,0.390986883,0.468715535
Ort-RDM-18,0,EXF74267,MTKILLTGGSGFIAAHILEQLLARGHSVVTTVRSEDKAQRIRDAHKDLDASRLHVAIVPDIARPDAFDEVVKTPGLEAVLHTASPFHFKWTDAQKELIDPAVVGTTAILKALKRDAPGVKRVVVTSSFASVIDEAKTEDPNTIFTEEFWNPVTVEDIGRSPATAYRASKKLAEKAAWDFVKDEKPGFDLVTLTPPLVLGPVVHHFADLNSINTSNERVVDLVKGKWKDAVAPTGAAYLWIDVRDLALSHILALEKPEAGGKRLFTTAGWFSNAEIAAVVRKNFPELKDRLPAEGTKGGELPPKDKVYGYDNSATEKILGIKWKSLEESITDLVKDIKGFGI,Colletotrichum fioriniae PJ7,NAD dependent epimerase/dehydratase,1,0.307,0.85198,6.67,0.549,0.634,0.620397791,0.611629522,0.543394161
Ort-RDM-19,0,ODN80031,MTPNSPLIAITGIEGFIATELVLLFLARGWHVRGSARTFTQAEKLKSLPAYEKYFASGQLEVVVVADVAKADFTELLEGADAVASLAAPIPKLGDPTITWSDFKRPTIDPVLRILDYAKKSTTIKSVAIMSSSGSSIRLDHQPNKVYTEDDGTPYTEEYCESPSAATHRLATVIWYYAAKKYAEEAVLKWQETEKPSFAISTFCPSMVYGPAHYIPSLANLKALTGSTDEFLNLFIGKDQPFPRQFSRSFVDVRDVAEAFYLGITKEASGKYLVSGHEYSWQEFADKLRGLRPDLDAYFPLGEPGTRIPEDWSMDSSKSKRALGIEYRSTEETLKGAIDFFEGLGLFKQAPLWAKAA,Cryptococcus amylolentus CBS 6039,hypothetical protein,0,0.249,0.79697,5.48,0.392,0.428,0.559141414,0.549441987,0.490405615
Ort-RDM-20,0,KIW91465,MKVLLTGGSGFLAAHCLNELLKRGHDVVVTVRSDEKGHYLQELFKGKSVSYTIVKDIAVEGAFDEAVKADPPFEAVVHTASPFHFKVTDNKKDLLDPAIDGTTGILNAIHKSAKSVKHVVITSSFAALSNYRNPPAVYNEEIWNDMTMEEALAAPDPQAAYRASKKFAEKAAWDFVKTENPNFTLTSLNPPMIYGPVLHQVTSLEELNTSSLRILNLYRGTPRSGPVGSPIHVDVRDLALAHVLAIERPQAANQRFFVAAQMATEKQLREVMEDAFPEIKGNLRDELVDKLPLYGIDNKKSIQVLGITYRPLKETIVDAVESLKALGG,Cladophialophora bantiana CBS 173.52,hypothetical protein,1,0.307,0.87578,6.52,0.652,0.427,0.612049106,0.574080317,0.516638922
Ort-RDM-21,0,KFA63262,MEQRIMITGITGYIGFQTLVLALSRGYRVRGIVRSDANVADLKTKSPLISSSHEEGRLDFAIIPDFLQPGALDSVLDGITAIVHLASPLAYGIDGDFENTVVKPAVSMVTVVLEAAAKVPSVRRIVITSSSVTLIPFEWNMSPNIEDINSDLEGPFEDAMSAYWASKALARAAARDFVKQHRPDFDIVQLLPSVVIGRDDRIPAGGDLDILLQGTRKAVLAPALDESLNSPFPYVGVPVHVADVARAHVDAVNTQRIPGNTEFILSSDTPEGVVWDRDIPCIARKYFPGKVQDGTLALQGSLPCVKFRLDGMTTESTFDWKFTSFQETMKGLIEQYIQLKEEA,Stachybotrys chlorohalonatus IBT 40285,hypothetical protein,0,0.274,0.79722,4.92,0.324,0.493,0.504137122,0.53022772,0.476583873
Ort-RDM-22,0,OPB45484,MAGDLVLLTGATGFIGFRTLVLLLEAGYKVRAAVRNVAGFERIKALKSAAPYVSQIEHIVVPDITVPGAYDEAVKGVKYVVHVASPFSSPDLVQSDYESSFIQPAVKGTVGMLDSAITAESVKRVVITGSILSITGLAVYGPDVIVDENHRTAVTTGPFPSWIAAYAASKALALEATKEWMTKHNPPFDLITIEPVFVLGRDETAKDVDSLLRGPNATLIGPMTGKPQPIPLPCNPVHVDDVAFMHVRALDPSVPGNEDYLSCAHSLQRVKWDESFDIVKKHYPKECAEGIFKVDTAVRPKTLDKIVDTTKAEKAFGITFKSFEEQILSVTGQYLELIGQK,Trichoderma guizhouense,reductase,0,0.279,0.83413,6,0.332,0.47,0.541871615,0.551219014,0.507529461
Ort-RDM-23,0,CCG24478,MTAKVIVSGGTGFIAQHILEQLLNHNYNIVTTVRSQAKGDHLLQLFNSPSTLSYEIVEDVGKPGAFDQVLQKNQDATVFLHTASPFHFKATDIAKELLEPAVEGTKNALKAIQKYGKNIKNVVITSSFAAVGTASKTTDPNYTFTEQDWNEIKWDEAVQNAVSGYRGSKTFAERAAWDFIKENDSQFSLTTVNPGFTFGPQLFTSEVKDQLNTSSEVINSILKLKPTDSIPTFRGTWVDVRDVAKAHVVAFENPKAKNERLILTAGSFTEQSIVDLINAKFPDLNLPKGEPGTDEQVIKEKLATVDNSKTRQILGFKFIDLGKSVIDSVQQILEAKKSRSGAL,Candida orthopsilosis Co 90-125,Gre2 protein,1,0.29,0.83244,6.68,0.773,0.502,0.637278351,0.617511227,0.562036842
Ort-RDM-24,0,OAL74534,MAFADSDLIVVTGANGHVAQHVVSQLLSFHAPVRIRGTVRSSMVAQKLYAAFEPFVSSGRLEIVIVPDLTVDGAFDDATQGATHVAHIASPLNMAPENVENDLLIPAIKGNVCILESIMKQIGIKAVVITSSFVAAFDARHGFREGYTYSSADWNPISYDEAADPMHDMSQYPEMWRPWITYMASRKFAEKAAWDFYRKHQPTWALSTLLPSFIGGPFVLPLTKGTDGLTFSTGLIRRTALGGEPLFRNGFPYWVDVRDVAKAHIQALITPAAWGQRLMLGPWPLLFSDIARIVREHYPEMNPSREKKQQVHHYSIDSGSSLSILGIDSWISPEQMSIDLIKQLKWIGLGDAL,Trichophyton violaceum,hypothetical protein,0,0.315,0.84711,6.48,0.465,0.207,0.434359251,0.404166683,0.369316212
Ort-EZM-1,0,ABN68180,MTTVFVSGANGFIGQHTVQQLLEAGYTVIGSVRSQEKGKKLSTALKSDKFSFVVIPNIADVGAFDKVLDDNKQITTFLHIASPFRFNVQDIEKEILIPAIEGTRNVLTSIKDHAPQVTKVVVTSSDAAARENDDKNPDLTLDESVWSKATYESSKHDPVAAYLGSKPLAEKLAWKFVEEEKPNFKLITVLPSYTFGPQIDDSLVLKDLNSSSKVFEEIITSNPDSQLYTHNGSFVDVRDAAKAHLVAFQNDEAIGKRLILSSNRFTSQTIRDILLKEFPQFKGQIFEGVPGEDIEDIKQMPVLNYSQTNNILGFKFRDIKTSSVDAVAQLLRVRDA,Scheffersomyces stipitis CBS 6054,2,1,0.3,0.85074,5.57,0.778,0.591,0.650537242,0.625487851,0.551372131
Ort-EZM-2,0,EJS41804,MSVFVSGANGFIAQHIVDLLLKEDYKVIGSARSQEKADGLIRAFGNNPNFSMEIVKDISKLDAFDHVFQKHGKDIKIVLHTASPFCFDVTDNERDLLIPALNGVKGILNSIKKYAANSVERVVLTSSFAAVFDITKESDKSVTFNEESWNPATWESCQCDAINAYCGSKKFAEKAAWDFLKENRDSVKFQLTAINPVYVFGPQMFAEDVKKHLNTSCEMVNNLMHLSPEDKIPEMFGGYIDVRDVAKAHLVAFQKNETIGQRLIISEARFTMQDILDVLNEDFPVLKGKIPVGKPATGATHNTLGATLDNTKSKKLLGFKFRNLKETIDDTASQILKFEGRL,Saccharomyces arboricola H-6,gre2p,1,0.282,0.82929,6.58,0.776,0.422,0.614118485,0.563843812,0.490189848
Ort-EZM-3,0,EMG50733,MTSTSVFVSGASGFIAQELVKQLIQKGYRVVGTVRSSEKGESLQKNLSAAGLPSDNFQYEIVKDIAVKGAFDNALEKHPEVTVFLHTASPFHFNVTDIEKELLIPAVEGTKNALNAIKAHGPQITKVVVTSSFAAIGDFGQYLDTSKTFSEDTWNGLTYEQAKGDPLSGYVGSKKFAEQTAWDFVKQEKPNFTLSTVNPVYVFGPQAFEIKDKSQLNTSSELINSVLKLKPTDEVANDYTGYFIDVRDVAHAHIVGFEKKEAEGQRLFLANTAFSYQTILNQVRDDFPQLDDKLPKGNPDDADKWKKTEAPIDNQKTRDILGFKFIDFKKSIDDSVAQIIA,Candida maltosa Xu316,putative oxidoreductase,1,0.296,0.85714,5.44,0.843,0.628,0.637962035,0.608447046,0.61666154
Ort-EZM-4,0,EMG50559,MSTTVFITGATGYIAQHIVKQLLAKGYKVIGSVRSQEKGEDLQKLVESDDFQYVVVPNMTEPGAFDSVLKDYPEITVFIHTASPVTFISDDIKRDILHPAVDGTINVLAALKKYGDNIQRFVYTSSSVAVYPQGFGDTERRILTEKDFNPITIDQVHDAEGAYAAGKTFAEKAVWEFVEQESPKFKVSTVNPSYNFGPQAFEVKDKSQLNFSAEVINSVLKTKSNEELPPLAGDFIDVRDVARAHLAAFEKDEAIGQRLVLASEHFTNELIAHLIKQEFPDIDIPEGNVVKSEEQLQGLLWQLDTTKTEKILGFDYIPLDDSVVDTVEQILSVE,Candida maltosa Xu316,hypothetical protein,0,0.277,0.84541,4.65,0.843,0.71,0.7052507,0.643083193,0.613729933
Ort-EZM-5,0,CCG22285,MSIFVSGATGFIAQHIVRQLIGANYKVIGSVRSNEKGERLLLNLEESQLQADNFQFEVVEDIGTEGAFDKALSSHPDVEVFIHTASPVKFDVNDIKKDLLDPAIYGTTNALKAIQKHGQNIKKVVVTSSLATVAGSRTVLKQGESVTEQNWNPVTWEEALKDVSDGYAGSKKFAEETVWQFVKNEIPRFTVTTILPGVVFGPQAFSNFDKDGLNYSSEVINKLLKLKPHNEVPQGAGLFVDVRDCAKAHIVAFQKDDAANKRLFAVAGRYNNQEVIDIIRSNFDELDQILPKGNPEDAKKYSPRSDRYDQSVTRSVLDFEFIGLEKSVVDTVTQLLDD,Candida orthopsilosis Co 90-125,hypothetical protein,1,0.263,0.84618,5.25,0.806,0.633,0.64645426,0.608745762,0.514010204
Ort-EZM-6,0,EER34926,MSSSTNSTTVFVSGASGYIAQEIIKQLIQKGYKVVGTVRSNDKGDSLKENLKAAGLPSENFSYEIVKDIAVKGAFDEALKAHPEVTVFLHTASPFHFNVSDIEKELLLPAIEGTKNALQAIKTYGPQIKHVVVTSSYVAVGSFFELTDPSQTITEKDWNPITYESAKEHPGKGYFGSKTFAERALWDFVEKEKPNFTVSTVNPAYVFGPQAFEIKNKSQLNTSVELINSVLKLDKDNNDFENQSGYFTDVRDVAKAHIVGFENEKAYGERLLLIEDGFTLQTILNQVRKDFPSLAEKLPVGNPENADNWKKVSHKIDNSKTRELLGYDFIDFKKSVDDTVAQIIA,Candida tropicalis MYA-3404,hypothetical protein,1,0.3,0.84801,5.6,0.821,0.632,0.666770861,0.626785355,0.635072087
Ort-EZM-7,0,EEQ38647,MTQVFLSGANGFIGAQIAKHLVEKGYDVIGSVRSTEKGEKLKKQLGSAFTYEVVPSFLEEGAFDTALKKHPEVTAFLHSASPVIFQSDDPENDVLLPAIQGTLNALKSAHQYGPNIQKFIYTSSSAAMYDYRKRVNVTESSWNDVTYEEAKKNSGSLYGGSKTFAEKVAWEFIDKEKPSFTLTTVNPVYVFGPLAFDDDAVDSFTSSSSYLPKVLKTKKNESVFEAKGTGVDVRDVVALHIAAVENDLSGKRLLASCQYWDTQIMLEFIKKTYPELGKDLPEGSPGSIEEGRNSVSTFDNSETTRLVGIKWTPLDKSFKDAVDQILRAKEGR,Clavispora lusitaniae ATCC 42720,hypothetical protein,1,0.297,0.8577,5.64,0.798,0.574,0.6814772,0.622917752,0.572050773
Ort-EZM-8,0,OIW25712,MSLVQLMMQSQRASSRGKVLLTGGSGFIASHILDQLVDQGFNVVVTVRSEEKGQRIVDTYQGAAKENVSYVVVEDITKEGAFDAAVKSQPPFDYVIHTASPYHLNPQDPVKDFLDPAIKGTTGILHSINAHAPTVNRVVFTSSSAAILNPKQHADVYDETHWAPMTWDEALQPTNAYRASKIYAEQAAWKFVEVEQPGFDLATINNTYTFGPLQRHLSRLEAMNASNHRIRDLVQGKMKEALQPTAPVFTFVDVRDVAFAHVRALTVPEAGGSRFYVVGGHFSNKKIADVIRDAFPQLADRLPPRDAPDDFPEKVYRFDNAKSREVLGLEYTSFEKSVRDTVQSILDSGLLGSEVRN,Coniochaeta ligniaria NRRL 30616,NAD(P)-binding protein,0,0.308,0.81605,6.28,0.819,0.296,0.602787966,0.521040834,0.520039478
Ort-EZM-9,0,ANZ74293,MVSKVLLTGASGYIAQHVTSELLSHGFQVVGTVRRQEQADQLHKQFSEEVPALQKNPFLLTYVLVPEIGAPDAFDEVLQSTPDITYVLHTASPFNFKDEGPLEDVYLKPAVEGTRNILSAVKKFANDYVKNVVVTSSFASVMNVDKFEDKSFIHTEKVWNNNTWDQTKGGDKVVAYVISKKEAEKAAWDFVEKEKPNFKLTTVLPPYVFGPQKFDISAKKESLNTSAEIVGSLLHTKYPSDDKLFDDSVNISADVRDVALYHVLPLLNADLASKRLIVVQGKFSTQRILNIINEHIPELKGKIAVGKPEGAAKLEALKAPEYNNSVTIGLTGVDPIPLTKTIVDSVEQILRANK,Komagataella pastoris,BA75_00474T0,1,0.305,0.81665,6.2,0.799,0.541,0.591946511,0.541053279,0.577608809
Ort-EZM-10,0,CCA40817,MPGERVLLTGASGFIAQHITDVLLSKGYRVLGTTRRQEQADQLTQQFTAEYPKIAEDKSLLQFHLVPDIGTDNAFDEVLKQNPDIDFVLHTASPFYFGDDRPLKEVYLHPAVGGTENILNAIQKYASDNIKKVVVTSSFASVVNMDKFKDKRFIHNEDTWNPLTWEQAEVEGETSAYRASKKYAELAAWDFVKKESPKFSLTTILPPFVFGPQKFSSSAAKGTLNTSAEIVNKFLSTEYPSDDKFFDAPTHLSVDVRDVALYHVLPLEINALANKRLFTVQSKFSGQRILNILNENFPELKGKIAVGQPEKTAQNEAANGPEYNNSLTVALGGVEFRSLETTIIDSVKQILESAK,Komagataella phaffii CBS 7435,Aldehyde reductase,0,0.279,0.81502,5.59,0.789,0.534,0.596331997,0.575001755,0.57304844
Ort-EZM-11,0,EDK43723,MSTTVFVSGATGFIAQHIVKQLLEDNYKVIGSVRSSEKGEHLKSLLANAGLKAENFSYEIVKDIAAKGAFDEALKAHPEVTVFLHTASPFHFNVQDVEKELLKPAEEGTTNALNAIKEYGKNVERVVVTSSYAAITGFADLATPGKTVDESSWNPITKEQSLRDPFNGYIGSKKLAEQIVWKYVETNKPKWGVSVVNPTYVLGPQTFEVKDKSALNTSNELINGILKAGKDHSQPQQVTGYFIDVRDVAKAHIVAFQKEDAIGQRLLLAAGPVTTEKILNIIKKDFSQIELPTLNESEKPDWDKIESIINNDKTKKILGFKFIDLEKSVDDTVSQIVN,Lodderomyces elongisporus NRRL YB-4239,conserved hypothetical protein,1,0.303,0.86036,6.1,0.807,0.621,0.665082423,0.613537231,0.605439794
Ort-EZM-12,0,EDK41009,MTTSVYVSGASGFIAQHVVQQLIEKGYHVVGSVRSKAKGELLVSQFGSSFEYEIVEDIAKSGAFDESLKKHPEVTVFLHTASPFHFEATDIEKELYIPAVEGTTNALKAIEQYGQSITRVVVTSSFAALINLDRESDPTLTYTEEDWNPLSKEDGLKNAWLGYVVSKKLAEKVAWDFVKEAKPKFDLTVVNPTYVYGPQAFQSGIKDKLNTSSELINSALKMGPNDEVPPVTGPYIDVRDVAAAHLVAFEKDEAKNQRLVMADGRFTYQDFLDIIHKHFPQLSKNLPVGKPGSSKEQLANSAKLNFSKTEKILGFKYIGLEQSVVDSVKQIVETEK,Meyerozyma guilliermondii ATCC 6260,hypothetical protein,1,0.31,0.85514,5.72,0.8,0.572,0.659898095,0.639795516,0.587501152
Ort-EZM-13,0,EDK41061,MSTTVFVSGATGFIAQHVIKQLIEKNYKVVGSVRSKEKGDQLVSKFGDSFQYEIVSDIGKSGAFDEALKKHQDVTVFLHTASPFHFNTDNVEKDLYQPAEEGTNNALKAIEKYGPQVKHVVITSSFAAVLDSKREKDPSLTYTEENWNPMTREEGTENAFSGYMVSKKLAEKAAWDFVEKSKPNFVLTSVNPTYVFGPQAFDSDIKDSLNTSSELINAALKLKPGEELPTYTGPYIDVRDVAEAHLVAFEKEDAKNQRLVLADGRFTFQDFLDIIHKNFPEKAKAKNIPLGNPGSSKKDLANAAKLNFAKTDKVMGIKYIDLEKSVVDTVKQIFDAEK,Meyerozyma guilliermondii ATCC 6260,hypothetical protein,1,0.315,0.84968,6.1,0.824,0.635,0.72766765,0.681479075,0.658988744
Ort-EZM-14,0,KIO03511,MPAIQPPSKVLVSGANGYIAMWVIRDLLEHGYSIRGTVRSTKKGEYVKKYFAGYGVKLEIVVVEDITKEGAFDEAVKGVDAIAHIASPVYMPGDMVEPALKGTTGMLRSALQFGHTHSQSIKRIVYTSSAAAIPGEMNRPAVFTEEDWNFQVVDLLKEQGENASDVTKYRASKTLAEQGAWSFVKEHQHEISWDMTALNPTYVFGPSIHEVTDPTSLNFSAKLFYDRVADSTKSDEVEEQLLINTFFTWVDVRDLAVAHRRALEVQEAGAERIIISAGPWRWQDFMDTANLLDPPPQLSKPLPKGLPGTVSQHACMYDFDNTKSQRILGMKYRSMVEMTRDTFADYEARGW,Pisolithus tinctorius Marx 270,hypothetical protein,0,0.336,0.83778,5.68,0.791,0.462,0.546434396,0.539681757,0.440604979
Ort-EZM-15,0,POY72851,MPVIEKGSLVLISGPSGYLGAHCAEELLKHGFRVRGTVRSQDKGEYLVDLFEKYGRDKFEYVIVEDVEAPGAFDKAIKGVDAFLHTASPFHFNAPDPYKDLINPAVNGTLNALKSAKSEPSVKRVVITASFACIVEPKDPGTYVFTEKDWNEYSPKQVEEHGKDAEASQSYRASKTLAERAAWKFVEEEKPQFDITTIQPPLIFGPVIHQVPSPDKLNTSVNNFYQFLVGNKSAEDAQNGFGSYVDVRDVAKIHVESLLNDHAGNQRFLVATTDSSYQPLLDTYFNNASDDLKSAFPKAQQGKPGNSKPKANTIDTSKAQKTFNWKPIAEKDTVIDMVESLAKYQKERWSK,Rhodotorula taiwanensis,hypothetical protein,1,0.328,0.85603,6.21,0.855,0.533,0.587118058,0.554563688,0.573998338
Ort-EZM-16,0,EIW07406,MSVFVSGANGFIAQHIVDLLLKEDYKVIGSARSQEKAENLTEAFGNNPKFSMEVVPDISKLDAFDHVFQKHGKDIKIVLHTASPFCFDITDSERDLLIPAVNGVKGILHSIKKYAADSVERVVLTSSYAAVFDMAKENDKSLTFNEESWNPATWESCQSDPVNAYCGSKKFAEKAAWEFLEENRDSVKFELTAVNPVYVFGPQMFDKDVKKHLNTSCELVNSLMHLSPEDKIPELFGGYIDVRDVAKAHLVAFQKRETIGQRLIVSEARFTMQDVLDILNEDFPVLKGNIPVGKPGSGATHNTLGATLDNKKSKKLLDFKFRNLKETIDDTASQILKFEGRI,Saccharomyces cerevisiae CEN.PK113-7D,Gre2p,1,0.292,0.83054,5.83,0.912,0.48,0.605664873,0.55690811,0.507001164
Ort-EZM-17,0,KOH48093,MSVFVSGANGFIAQHIVDLLLKEDYKVIGSARSQEKAENLTEAFGNNPNFSMEIVPDISKLDAFDHVFQKHGKEIKIVLHTASPFCFDITDSERDLLIPAVNGVKGILHSIKKYAADSVERVVLTSSYAAVFDMAKENDKSLTFNEESWNPATWESCQSDPVSAYCGSKKFAEKAAWEFLEENRDAVKFELTAVNPVYVFGPQMFDKDVKKHLNTSCELVNSLMHLSPEDRIPELFGGYIDVRDVAKAHLVAFQKRETIGQRLIVSEARFTMQDVLDILNEDFPVLKGNIPVGKPGSGATHNTLGATLDNKKSKKLLGFKFRNLKETIDDTASQILKFEGRI,Saccharomyces cerevisiae,hypothetical protein,1,0.289,0.8309,5.83,0.869,0.46,0.628183197,0.568218274,0.500398719
Ort-EZM-18,0,ABN66052,MTSVFVSGATGFIAQHVVKDLLAKNYTVIGSVRSASKGDHLAELLGSKKFSYEVVEDIEKEGAFDAALEKHPEVSVFLHTASPFHFKATDNEKELLLPAVNGTKNAFRAIQLHGKNVTNVVLTSSYAAVGTASKDANKDEVINEESWNEITWEEALKDPVSGYRGSKTFAEKAAWEFLKENNPKFVLSVVNPTFVFGPQAFDSEVKDSLNTSSEVINALLKSGANGVVPPVKGGFVDVRDVSSAHITAFEKEAAYGQRLILNSTRFTAQEIVDILNKRFPELVGKIPVGEPGTGPSLRANNATIDNTKTKKILGVSEFIGLEKSVVDSVSQILRTRK,Scheffersomyces stipitis CBS 6054,NADPH-dependent methylglyoxal reductase GRE2,1,0.312,0.85427,6.49,0.797,0.589,0.658729601,0.630571196,0.565674057
Ort-EZM-19,0,EGW33294,MTSSTVFVSGANGYIAQHIVKQLLAKNYKVIGSVRSQSKGEDLASLVNNSNFSYVVIPSISDKDAFYEVLQKHPEITVFLHTASPVTFEVDDVERDLLRPAIDGTVNALAAIKKYGPQIERVVITSSGGAVLGFDNYFESDKIYDEESWNPITYEESKSSGPVNGYFGSKKFAELAAIEFVETEKPNFDVTFVTPVYNFGPQAYEVKDKSKLNVSAEVVNTVLKFKKGDAIPEFGNIFADVRDVARAHIVAFESENSKGKRLLVGTDNFTYDTIAYIINKHFPEVEIPQGDLSKNEAIYKSMVQKYDNSKTNAILGFDLIGLEQSIVDTVKQLLV,Spathaspora passalidarum NRRL Y-27907,hypothetical protein,1,0.297,0.85791,5.05,0.824,0.637,0.630351092,0.607106103,0.568856341
Ort-EZM-20,0,EGW32584,MTSTSVFVSGANGFIAQHIIKQLLAKGYTVIGSVRSHQKGEQLKSLIQNDKFSFEIVASLTEKNAFDEVLKKHPEVTVFLHTASPVTFAVEDIEKDLLKPAIVGTVNALNAIKRYGPQIKKVVITASAVNIFGFGPYFDGEQVYTEDDWNPITYEESLENPFFGYLGSKKYAELAAQAFATKENVNFDISFVTPPFVFGPQAYVVKDKANLNLSNEVVNSVVKLTKGDPIPADGSVFVDVRDVARAHLVAFENDEAVSQRLFTASSSYTLDTIANIINSRFPNTTVPRGDESRNEEINRSIQKFDNSRTNKILGFDYITLEESIFDTVDQIFNA,Spathaspora passalidarum NRRL Y-27907,hypothetical protein,1,0.274,0.85891,5.11,0.827,0.582,0.620944539,0.608845887,0.549222562
Ort-EZM-21,0,CCH57958,MSVLVTGATGFIAQHIVDALLKENYNVIGTARSQAKADNLLASFNSPNLSMEIVSDISDLNAFDDIFKAHANKIKYVLHTASPFHFNTTDYSKDLFIPAKNGTLGILQSIKKYAPQTVERVVVTSSQAATLDFTAPPSSKTVYTEKSWNPANEETKQMNAIMAYCTSKKIAEKAAWDFYNENKSQLKFKLSIVNPVFVFGPQLFDSSVSATLNTSCEVINQVLKTTPKDQLKKDVMGEFIDVRDVARAHLDAFTKEETIEKRLLMNNGLFSEITIGNIINNDFPQYKGKIAPVADDTDLQNDIAPYKCDNSVTKQILGWEFTSLQKSVDDTVAQILKMSK,Henningerozyma blattae CBS 6284,hypothetical protein,1,0.289,0.82052,6.26,0.801,0.404,0.582198893,0.572979149,0.580715223
Ort-EZM-22,0,CCH60145,MSVLVTGATGYIAQHIITDLLEQNYKVIGTVRSESKGDNLVKLFNSNNFTYEVVPDISVEGAFDKVLEKNAKDIKYVLHTASPVVFEVEDLLRDIVDPAVYGTKGILNSIKKYGSKTVERVVITSSVAAIEHPDGISRDGKTITEKDWCPLTLEDAKLNSVNAYFVSKTLAERAAWEFYEENKKSGDIIFKLATVNPAYVFGPQTFDTSITGQLNFSCEIVNKVLQLKPTDKVNTNITGRFIDVRDVSKAHLLAFQKENTIEKRLVVSSELFGDQEMVNILNEKFPTLRGKIPPVGKSDELAANNLQGLIDMSETRKILGFEYISLDKSVYDTAAQILKAEGKI,Henningerozyma blattae CBS 6284,hypothetical protein,1,0.319,0.81709,5.5,0.798,0.573,0.618715396,0.588279711,0.531651232
Ort-EZM-23,0,EDO15092,MSVLISGATGFIAQHIVGDLLDQNYKVIGTARSQGKIDKLIKQFGNNPNFQMEIVEDISKLDAFDAVFQKHGKDIKYVLHTASPFHFNTTEYEKDLLIPAANGTKGILESIKKYAAKTVERVVVTSSFAAIMDFATYNDGKTIFTEESWNPVTWEGAQANAVEAYCGSKKFAEKTAWDFLKENEGQVSFKLSTVNPVFVFGPQKFLEDAKGTLNTSCEFVNQMIHAKPTDEVTTTRDGEYIDVRDVAKAHILAMQEDKLIGKRLLMQNGPFTKQDIVNILNDKFPKLKGSIPKSNSNTDIQKATFFNNVNSDVTKNLLGFKLRTLEETIYDTAEQILKNEAQL,Vanderwaltozyma polyspora DSM 70294,hypothetical protein,1,0.26,0.82227,6.17,0.811,0.459,0.640092039,0.630921298,0.575561841
Ort-EZM-24,0,CCH43855,MSTKTVLLTGASGFIALHTLDQLLKRNYTVIGTVRSQDKADNITVQFKKEYPSAQLTFAIVEDIGASGAFNKVFQDHPEIEGVLHTASPFSFGLNKDFKDAYFTPATEGTKNVLEAIQNYGKNVKNVVVTSSNAAVANADKVGDKTFIHTEETWNPITWDDVDNELKAYIASKKLAEKLAWEFVAEQKPLWKLTTVNPTLVWGPQKFESSLANKTLNTSAEAINKLLSSDPNDTHFFDKPIGTSIDVRDVALLHVLPLENENVSGKRLYPIQDEFNGQRILNIINRNFPELESKIAKGSLDGADKHAEENTIYYDTSKTLEWTGIKSWIPLEETVKDSVRQILDYRSKH,Wickerhamomyces ciferrii,Dihydroflavonol-4-reductase,1,0.295,0.83005,5.71,0.825,0.6,0.673496681,0.654252271,0.583195125
Ort-RDM-1_1,1,OQO01855,MTTTIPKGSTVLVTGVSGYIGSHVAAQLLEAGYRVRGTSRSKAKAQDLIDYFTSKYGADSITVAEVPDMVATNAYDEAVKGVSGIVHLSSVLTFSTDPEEVIPPSVSGALNILSAAMQEPGVKSLVVTSSSTAALLPQPNEKIKVKVDTWNDAALEAAYKPGVDGFTVYAASKTQAERELWKAIAKEKPHFQVATVLPNANFGTRFKVGGNSTGDWVMALAEGKDDPLQFPPQWFINVDDDAKLHVAALLDSEAAGKRLFAFAAPFTWNDVLAILRKLEPGKKLVGDRDMGEDLSEVPNGEAEALLKKHYGHGWTGLEETIKQNAGPVLIQ,Cryoendolithus antarcticus,hypothetical protein,1,0.409,0.94917,5.41,0.614,0.587,0.553330254,0.564971882,0.602473248
Ort-RDM-1_2,1,ORY90635,MSISSVLPAGSTVVVTGANGFVASHLVQQLLLAGYKVRGTARAASKLQNLRAKWNAEFGEGKFEALVVEDLTKIDALKEAMQGASAVAHVASDLSMSSDPNAVIPAVIAMTENILSTANATPSIKRVVLTSSTGAGAISQPGVEGIEVNEWTWNEFAKKEARATPEEDPLKGLWVYCASKTEGEQAAWAYVEKEKPHFEFNSVVPTFVMGPTILPDQVSSSAGIVKALFFGDKGYASMLPPQYFVNAEDVALVHLGALTLPSVVSQRVWSVAEPYNWDQVLAIFRKLHPSRTFVEDFQDGHDLSQIDRSKATEVLRQLGREGWRGLSETLEAAVGRE,Leucosporidium creatinivorum,Nadph-dependent carbonyl reductase from Sporobolomyces Salmonicolor,0,0.498,0.97822,5.34,0.496,0.527,0.567856144,0.559008681,0.517727585
Ort-RDM-1_3,1,KII83904,MTVIPKGSTVLVTGFTGYIGSHVTQQLLEAGYTVRGTTRSATKATFLREKFTREYGEGRLEVVEIPDVTVEGALDEAIKGVSGVAHVASDVSMSTNVDEVVGPVVRGTLSVLRAAAATPSVKRFVLTSSSTAAGFPALGVEYTRGEDSWNDVSAEALASAEDDAGKGFRVYALSKTEGEKAAWKFVKEEKPGFVFNAVLPDSNLGPFFDPSTTPSTAGFPLAILSGQSDVLKGFPNQWFVDVRDTARLHVAALTLPSTDAPGYRLWGAAEPFTWNQLLGIVRKLRPDRDLPEHFAWETTPNLSKIDNARSTALLKELGREGWIGIEESVEGNIEGR,Plicaturopsis crispa FD-325 SS-3,hypothetical protein,1,0.481,0.94735,5.17,0.429,0.549,0.560030516,0.540638141,0.527239081
Ort-RDM-1_4,1,OQO11810,MTPTIPKGSTVLVTGVTGFIGSHVAAQVIEAGYCVRGTSRSKAKAQDLIKYFTSKYGADSITVAEVPDMVAPNAYDEAVKGVAGIVHLSSVLTFSTNPEEVIPPSVSGALNILSAAMQEPGVRSLVVTSSSTAALLPQPNEKIRVNVDTWNDAALEAAYKPGVDGFTVYAASKTQAERELWKAIRKEKPHFQVATVPPNANFGTRFKEGGNSTGDWFINVDDDAKLHVAALLDSEAAGKRLFAFAAPFTWNDVLAILRKLEPGKKLIEDRDLGEDLSEIPNGEAEALLRKHYGYGWTGLEETIKQNAGPVLIL,Cryoendolithus antarcticus,hypothetical protein,0,0.379,0.94942,5.57,0.435,0.539,0.532252235,0.53876243,0.567231447
Ort-RDM-1_5,1,EPQ51678,MADATVTAHGGGELQTVPLGTIVLVTGANGYIGAHVVDEALSHGYVVRGVTRSEEKGRGLKQYAQAKYGADRYEAVVVPDIEAEGAYDTVIKGVAGVIHVASPVTIQGSARQAIDAAVNGTLNILKAAKSEPSVRSVVITSSSVASVLPSFEKAQKADHTTWNDVTYDELAKQGFPDGNPAAAYYASKVRAERLAWKFYDEKKPQYKLNTLLPNVNLGRPLEYPGAQAATTSAWIYDIIKGSRSVIDNVRSQWYVHVRDNAKLHVRALADPSIRSERIWAAAAVFTWPEVLRILKELHPELTLPDDPKQTKPDLTVVDNKRGEALLGGWTSLKDTLKEMGTSFP,Gloeophyllum trabeum ATCC 11539,aldehyde reductase,1,0.375,0.90103,7.96,0.511,0.511,0.539721801,0.532321338,0.525648733
Ort-RDM-1_6,1,KZP19295,MSIIPKDSLVLVTGANGFIAAHIVNTLLAEGYRVRGTARAASKIAALKAFWDETYGPERFETAVVEDMAKDGAFVEALKGVAGVVHVASIMLDADSIWLNPALVIDTVVNTNLFLLRASAAQPTVKSFVYTSSAGAAGLPKLDVEYDVGEDTWNTESIQKAYNLPADDPSRPLHAYCASKALSEQAAWKFYKEEKPSFVFNTVLPSMNIGPPVGPADPRSSSALISTFFDGDFSMMHWVTPQHYIDVRDTAELHMHALTSTRLPADGVRILASGSSLNANDLLQILRDLYPERSFPPDIEGMGRDLTRVDQKRAVELLGRFRGLKDAVKANAENL,Athelia psychrophila,NAD-P-binding protein,0,0.422,0.94664,5.39,0.325,0.434,0.524641088,0.532340793,0.465758237
Ort-RDM-1_7,1,KII83927,MTVIPKGSTVLVTGFTGYIGAHVTDQLLGAGYTVRGTTRSAAKATYLKDKFTREYGAGRLDVVEIPDISADGAFNEAIKGVSGVAHIAADVSMSTNVDEVVGSAVKTTLSILRAAAATPSVKRFVLTSSSVAAGFPARNVAYTLTENSWNDVSAKVVASAEEDPLKGVHVYAVSKTEGEKAAWKFVKEEKPGFVFNAVLPDNNQGPFLDLKPQSSAHFALTVLAGKGDGYKGFPTQWFVDVRDTARLHVAALTLESTGAPGYRLWAAAEPFTFNRILATVRKLRPDRTDLPESYAWDTEPNLSQIDNSRSTAILKEMGRDGWIPYEESVKENIKGQ,Plicaturopsis crispa FD-325 SS-3,hypothetical protein,1,0.449,0.94451,6.95,0.536,0.482,0.536858629,0.513501288,0.529734529
Ort-RDM-1_8,1,KYG41666,MEEAHSFIKPTIKKGDLILITGATGYIGSNVADQALEAGYRVRGTTRSRAKGQWLYDLLLKKYGEGKFELVEVPDMTDSAAYDDAVRGVSGVIHLASVLTFSTNADEVIPPTVKAALNVLKSATKEPSVKSIVFTSSSTAALSPQPNKKIVVTADTWNNEALNYALSDPNPDGFAVYAASKTAAEQAVWKAVKETQPPFQVAAVLPNMNIGSILKPGGAMDSSTGSWPLKLFRGDTSVYDFPPQYYVNVKDDARLHIIALIDPECDGRRIFAFAAPFNWNDVLAIFRKQNPGMEFPEDGNFGRDLSEVPNAEAEQLLRKHYGKGWTSLEDSLEESTAMLKN,Acidomyces richmondensis BFW,hypothetical protein,1,0.421,0.935,5.33,0.646,0.445,0.528355127,0.521231579,0.550418968
Ort-RDM-1_9,1,OTA37140,MTATIPKGSTVLVTGVTGFIASHVADQLLQAGYNVRGTTRSKDKAEWMFQLFGSKYGENRFDVYEVPDMIADTAFDESVKGVAGIAHLASILSFSNNPDEVIPPTVKGTLNILKSASKEPSVKSVVYTSSSTAVLLPEANKEMTVPNGYVVYGASKTMAEKAFWEAIEQTKPPFQTSAVLPNTNFGPILDGSEGTSTGSFPIKIWRGDTSMMSFIGPQYFVDVRDTARLHVAALIDPDCNGQRIFAFAEPFNWADVIDIFKKINPDGDFPAPPENEGRDLSKIPNEDAVALLQKHFGQGWVGLEESLRENVKGIDGLKVQ,Hortaea werneckii EXF-2000,hypothetical protein,0,0.39,0.93821,4.96,0.635,0.465,0.571697869,0.581428311,0.58893419
Ort-RDM-1_10,1,KZP30036,MAVKGAFAAAMEGVAGVAHVATIMPSQADSALLQDPGLVVAPVVAGTLSVLRTAAATPSVKSVVLTSSSSAAVWPHPDVEVPSVGEDTWNTECLEQAASLPADAPGKEWHIYGASKVRGEQAAWMFYNEEKPGFVFNAILPNINLGPPLLKEDARSTGAWVAQVYNGDISGISAFTPQWFVDVRDTALLHMYALTGASPALAAGGVRMWAVAAPFSGNDILAALRRLYPTKAFLAEIPGLGKELCRIDNKRGGELLGGWRSLDEAVRASVEGM,Athelia psychrophila,NAD(P)-binding protein,0,0.379,0.90211,5.15,0.272,0.581,0.453902157,0.501620395,0.347554724
Ort-RDM-1_11,1,KZP19288,MSIIPKDSLVLVTGANGFIAAHIVNTLLAEGYRVRGTARAASKIAALKAFWDETYGPGRFETAVVEDMAKDGAFVEALKGVAGVVHVASIMLDADSIWLNPALVIDTVVNTNLFLLRSAAAQPTVKSFVYTSSASAAGLPKLDVEYDVGEDTWNTESIQKAYDLPADDPSRPLHAYCASKALGEQAAWKFYKEEKPSFAFNTVLPNVNIGPPVGPADPRSSSALISSFFDGDFSMMHWVTPQHYIDVRDTAELHMHALTSTRLPADGVRILASGSSLNANDLLQILRDLYPERSFPPDIEGMGRDLTRVDQKRAVELLGRFRGLKEAVKANAEKL,Athelia psychrophila,NAD-P-binding protein,0,0.434,0.94179,5.51,0.336,0.443,0.524265277,0.533796664,0.472458067
Ort-RDM-1_12,1,OQO17260,MTTTIPKGSTVLVTGVSGYIGSHVAAQLLEAGYRVRGTSRSKAKAQDLIDYFTSKYGADSITVAEIPDMVATNAYDEAVKGVSGIVHLSSVLTFSTDPEEVIPPSVSGALNILSAAMQEPGVKSLVVTSSSTAALLPQPNETIKVKVDTWNDAALEAAYKPGVDGFTVYAASKTQAERELWKAIAKEKPHFQVATVLPNANFGTRFKEGGNSTGDWVMALAEGKDDPLQFPPQWFINVDDDAKLHVAALLDSEAAGKRLFAFAAPFTWNDVLAILRKLEPGKKLVGDRDMGEDLSEVPNGEAEALLKKHYGHGWTALEETIKQNAGPVLIQ,Rachicladosporium sp. CCFEE 5018,hypothetical protein,0,0.406,0.956,5.2,0.61,0.618,0.557103844,0.570247175,0.612607184
Ort-RDM-16_1,1,EDK47269,MSETAETVIVTGGTGYIGQHIVAELLKDGYKVVAIVRSAQASLNLIKLFNHPYLSTQVVEQLDKPKSIDFVLKQHKEATAFIASAAVVKFDAQDQEEEVLKPSLAIIENTLKSIHHYGEQIKRVVLTSSTAAIVGPDKAFSATAEYSEDDWSPLTYEAGKANGTMAYFTSKKLNEEYAWKYIKEEKPHFDLVSVNPALILGPVTFASEVSLEKFPSTTGMIGGLLHLQKDSYVTELQSGAIDVRDVAKVHVSVIKNPKASNQRLLLEAYKTTNPNMINIIKNNFPEYNDKLPDVAPDSESDFKLPSDTKTKEILGIKHYEYTLEQSVVDLVKQILK,Lodderomyces elongisporus NRRL YB-4239,conserved hypothetical protein,1,0.282,0.84577,5.83,0.736,0.573,0.640357341,0.59794794,0.585949385
Ort-RDM-16_2,1,EEQ37269,MTQVFLTGANGYIGAQIAKHLIDKGYEVIGSVRSAKKGDKLKSHLGANFTYEVVPSFVEEGAFDEALKKHPEVVAFLHSASPVIFESSDPENDVLLPAIQGTQNALKAAQKHGPNIRKFVCTSSVSAMFHLGKQTHVTEKSWNPITYEAAKTEPNGLYQGSKTFAEKAAWEFIESEKPSFTFTTINPVYVLGPLAFDEDAATNSFTSTSSIIPKILNTKKGEKLPEFIGSAVDIRDVAKLHIAAIENDNLAGKRLMARSGYWDTQILLEAIQKNFPEIARDMPEGNPGSSEEAKKTYSTFDNSETTKLVGIEWIPVEKSFKDEIAQILRTRG,Clavispora lusitaniae ATCC 42720,hypothetical protein,1,0.328,0.86043,6.21,0.746,0.416,0.649413403,0.622645531,0.587532902
Ort-RDM-16_3,1,CCE41045,MTTTETSTPSDSSETVIITGGTGYVGQHIIAQLLKSGYKVIAIVRSQPRGMELIKQYSHPNLQIEAVEQLDKPNSVDFVLKQHPEASTFIAGAAVTDFTAKDVEKEILQKSNAIIKNTLESINHHGKSIKRVVLTSTSGTHIGPEKMFSYDAQYTDDDWSPLPYEAGFANAQMAYFVSKKCNEELAWKFIKDNDTQFDLVSINPSMCLGPVQFANEVSLKEGSYLPSTTNIIANLLKLKPNDTVEPLAAGAADVRDVAKAHVAVINNPKASGQRLIVEAYKFTNANAINILHNYFPQLKDKLPNAEPIPESKFVEPNLKKSREILGIEKYYNLTDSVVGLAKQLLKE,Candida parapsilosis,hypothetical protein,0,0.245,0.82738,6.38,0.679,0.442,0.594748095,0.589214838,0.612576798
Ort-RDM-16_4,1,EER31342,MSIFITGASGYVGQHILSELLSSDRKVIAIVRSKGSQDKLVKLFPTSNLSFEIVSELDKPNALDSILQKHPEATTFINTASVVKFTADDYAKEIIDPSINIIKYTLTSIKENAPNIKRVILTSSSASMIGPDKAFGYNGEYSDDDWSPLTYELGKINGTMAYFTAKKLAEQEAWNFIKHEKPKFDLVAIMPSLILGPVKFDTEITKNSQPSTSGMIGSLLKLNSNDEIPIMAAGAVDVRDVAIIHNKAIDDENFSNQRILLESNKITNDNMIQIIIDNFPNWKSKLPKPNPIKESDFVKPNDERSKKLIGMKLRSLDDSVIDLVKQIEKDDLVESVEKLKV,Candida tropicalis MYA-3404,conserved hypothetical protein,1,0.255,0.81716,5.66,0.518,0.632,0.63007674,0.596170322,0.5778895
Ort-RDM-16_5,1,CCG25156,MPTDSNLQTVIITGGTGYVGQHIVAQLLHQNYSVIIIDVSPTRAMEIVRLFNHPNLQYKIVDQLNQPHSIDFVLKEFPHASIFIASAAVVPRDNIVDFDREIIQMNHDILKYSLDSIKQCGTNIKQVILTSSTAAYVGPDKAFAIDVAYSDNDWNPLPYDAGRGSVSAAYFVSKKFNEQMAWQFMKDEQPNFDLVTLAPSFCIGPAYFNSQISIDNLPSSTSVVGDLLKLSRHDTVPSFGAGAVDVRDVAKSHISVINNPKANGQRLVVEAYKFTNANTVNILKDHFPQLKDKLPDVEPIPESKFVGPNLKRSKEVLAINRYYTLAESVVDLAKQLLKE,Candida orthopsilosis Co 90-125,hypothetical protein,0,0.219,0.8353,6.26,0.498,0.341,0.583642641,0.54728067,0.494245829
Ort-RDM-16_6,1,ABN64930,MSKTTVFLSGATGYIAQQIIVELLSKGYNVVGSVRSQEKGEKLKSYYGEHFQYVVVPNLEQKGVFDEALKKHPEVTVFIHTASPATFSPEDNERDTLIPAIDGTVNALQGIVDHAPQIKRVVLTGSTVSTVDIADFTDPTFFMNEDSWAKVTYEDGKTKDGLTAYWASKKYAEKAAWEFVESKKPNFTISTILPAYVFGPQAQDAEAKGQLNLTAEIVGGFYRLSKDDKVPEVAGPFVDVRDVAKAHVIAFEKDEAQGQRIITSNGRFSSQLILNIIREKFPELREKLPVGVPANGKVPESDSWDDSKSKKLLGFKFSDIEKVVVDTIEQVIRANE,Scheffersomyces stipitis CBS 6054,NADPH-dependent Cinnamyl-alcohol dehydrogenase,1,0.288,0.85352,5.39,0.82,0.602,0.662114082,0.680945392,0.602314097
Ort-RDM-16_7,1,ODV81507,MSPTAFVSGATGYIAQHIVALLLSKDYQVVGSVRSEEKGQHFAKLFNSSHFSYVVVPDIAIPGAFDEAFKAHPAISTVFHVASPFHLSSENVEQNLLKPLIEGTKNILSAIKSFGTNVRRVVLTSSAAAVEATPGYDYADKLVNEDSWTELTYEQALKNGIDGYSGSKVFAEKAAWEFANSEHKPHFDMAVVNPVFVFGPQAFESEAKENLNSSVGHIDAYLKLKPTDPYPTFEGKFTDVRDVAKAHIVAAESAEAANQRLVLCNGGFVPQKLANIIREHFPKLRETIPVGTPENENAPLQNPFAGKLDNSKTNKILGFEQISLEQSVVDTVSQILKSRE,Suhomyces tanzawaensis NRRL Y-17324,NADPH-dependent methylglyoxal reductase GRE2,0,0.272,0.83452,5.88,0.598,0.435,0.614752472,0.597164627,0.530177507
Ort-RDM-16_8,1,ODV81308,MSTVLVSGANGFIAQHVVSQLLEKKYKVIGTVRTDAKGQHLAKNFSTPDFQYVIVSNLSLPGGFDEVFQQHPEIEYFLHVASPFNFSDVDVEENLLKPALAGTKEALSSAHKYGKNLKKLVVTSSYAAMGWTYLIDKSIPDDIYIDEDSWTDIPWDVAAKSNGFIAYVASKAHAEREVWNFRERENPKFELTVVNPTYVYGPQAFDSDVTEFMGETSEIINRITKLQPDETPRRERGMCIDVRDVAGAHIIAIEKDECNGKRLLLFNASFSEQNFLNLIHKFYPEQFKNVPIGEPETTEATLTKTFWGDIHNEKTREILKQDWYSHEQCVKDVLEQIVRVRGL,Suhomyces tanzawaensis NRRL Y-17324,NAD(P)-binding protein,0,0.294,0.82874,5.36,0.603,0.556,0.627840016,0.629864722,0.493731776
Ort-RDM-16_9,1,ODV77212,MSTVLVSGATGFIAQHIIKQLLEKKYKVIGTVRTDAKGQHLTKNFNNPNFLYVLVSNLATPGGFDEVFQQHPEIEYFLHTASPFTLSDDNVEENLLKPALAGTKEALTSAHAYGKNLKKLVVTSSYAAMGWTYLVDKSIPDDVYIDEASWTDIPWDVAAKSDGLTAYIASKAHAEREVWNFKERETPNFDLAVVNPTYVYGPQAFDSDVTEHMGETSEIINRIIKLQPGETPHRDRGLCIDVRDVAGAHIIAMERDECTDKRLLLFNAAFSEQNFLDLVHKFYPEQFKNVPIGDPKTTQATLTKTFWGDIHNEKTREILKQDWYSHEKSVKDILEQIIRVRGL,Suhomyces tanzawaensis NRRL Y-17324,NAD(P)-binding protein,1,0.3,0.82796,5.73,0.714,0.517,0.624807227,0.636729011,0.508383184
Ort-RDM-16_10,1,ABN65471,MSQTVFISGASGYIAQHITAKLLAKGYKVIGSVRSAKKGDELKSLFKNENLSYVVVPDIQADGAFDEALKQHPEISVFLHTASPFVFQVEDVEKELLLPAVTGTKVALTSVLNHGPQIKRVVVTSSYAAMFANEDIPDVVSDETTWTELTWEQAKQNGLVGYLASKAFAEKAAWDFVEKEKPNFKLSTVNPTYVFGPQLFDEYATGPVSTSVELIKAVLKLQPTDEVPSVQGPFIDVRDVADAHLVAFESDAAIGQRILLQDGRFSNSKVVEIIKANFPEFKDKIPAPKTTHEEEIKSHCKLDSSKSDKILGIKFISIEQSIKDTVAQFIKVKAV,Scheffersomyces stipitis CBS 6054,dihydroflavonol-4-reductases,1,0.3,0.85273,5.74,0.725,0.591,0.649255683,0.65346299,0.557315029
Ort-RDM-16_11,1,ODV76726,MSTVFLSGATGFIAQHLVRDLIAKGYKVIGSVRSAEKGDLLTGYFPKNFEYTIVEDIESETAFDDVLQKNPEITAFFHTASPFHYGNDNIPERLLQPAINGTKNALASAKKYGSNLKNFIVTSSVAAVGSSFLVNPHLPMTTVINEESWTEISWEQASTNGFIGYSASKAFAEREVWKFVDEEKPSFAVSVVNPSFVFGPQAFDAEAAKTLGTSSELINSLLKAGPDAELPAIKGRWVDVRDVSKAHIVALENKDAAGKRIIVQNGKYNAGVVAQIMLKNFPELKDRLPKFDAPAAQEALSSAAFGQMDDSKSVDLLGFEKVSLEQCITDAIAQLLKVGKQ,Suhomyces tanzawaensis NRRL Y-17324,NADPH-dependent methylglyoxal reductase GRE2,0,0.304,0.83489,5.45,0.688,0.481,0.653835551,0.651584364,0.559399537
Ort-RDM-16_12,1,KGT65116,MSKTVILTGASGYIGQHILGELLDQNYKVIAIVRSQKSSDTLSKLFKQTPKLQFEIVEQFDKPHALDKVLEKHKEATIFISTAAVVTFHAEDYERDVLDPAIDLVKNIFSSIKEHAPQITRVILTSSSASVVGLDKAFSYDAEYSDNDWSPFTREMSTSDGTMAYFASKKLAEKEAWKFLKEEKPNFDLVAIMPALILGPVCFSSELKNGKFPSTSGIIGGLLHLKSDDPIQPMAAGAVDVRDVAKVHVDVITSEKASNQRILVESGKVTNDNIIQTIIDNFPSYKDKLPTPNPVPHSKFVKPKDERSRKIIGFSLRSLGDSVVDLVKQIDQENSVIESIKKLDIKK,Candida albicans 12C,hypothetical protein,0,0.278,0.81696,6.84,0.595,0.611,0.627892018,0.602296131,0.599999677
Ort-RDM-23_1,1,CCE78191,MTTVFVSGATGFIAQETVKQLVQKGYKVIGSVRSAERGDRLKKNLGSDNFTYEIVEDIQKEGSFDETLKKHPEVTIFLHTASPFHFKTTDIENDLLKPAVEGTKNALKAIKEHGPNVKKVVITSSFAAIKKNTGDDNPNLVLTEESWNDSTKEQAVKDPLSGYIASKAFAEKAAWEFLEKEKPQFVLSTVNPTLVLGPQAFISEIKNELNTSSEVINSILKSGPNDPLPPILEFFIDVRDVAKAHIAAFEKKEAEGKRLLVSEGRFVAQNIVDYINKDFPQFKGKIAAGNPGQYPDFNAFSKIDNSKTREILGFDFINFETCVKDTVQQILDAGFSR,Millerozyma farinosa CBS 7064,Piso0_000808,1,0.315,0.85055,6.05,0.717,0.614,0.67676239,0.649825626,0.616539406
Ort-RDM-23-2,1,EEQ40618,MSETVFVSGATGFIAQHICKLLLDKGYTVIGSARSEAKGEHLAQLLNSTKFSYVVVPDVQFEGAFDDVLAKNPQISVFLHTASPFHFKATNVEDELLKPAVHGTKNALKSITKHGNNVKRVVITSSYAAISTAESEADPSVVNNEKTWNQITWEESKRDPVSGYRGSKKFAELAGWDFVKEQKPNFIINYVNPSFVFGPQAFDSEVKDNLNTSSEIINNLLKLTPESQIPPTRGGFVDVRDVAKAHLIAFEKPIENERLLMNAGRFCSQDLLDVLNAKFPELKGKIPVGEPGTGHLVNDAMCKIENEHTKSILGFKLIDLETTVYDSVKQILDAKKGSKI,Clavispora lusitaniae ATCC 42720,hypothetical protein,1,0.314,0.84279,6.67,0.608,0.427,0.607432158,0.597051077,0.546553823
Ort-RDM-23_3,1,EDK39163,MTSVYVSGASGFIAQRIIKQLLEKKYKVVGSVRSTEKGDGLVKNFGPDFQYEIVGDIAAKGAFDESLKKHPEVTIFLHTASPFTFTSDDVENDLLIPAQKGTVNALEGIEKYAPQIKKVVITSSYVAIWDITKEFSDPSHLVNEESWNPVTPTEAKSNALMAYCASKTYAERAAWDFVKKNNPNFTLSTVNPSYVFGPQAFEVKDTLNLSSELVQNFLKLKSTDPLPELSGAFVDVRDVAAAHLVAFEKDEAANQRLVLVAHQFIAQEIADIIHKKFPDKSKNVPIGTPGQTAPVDSWSKKDFSKTEKLLGFEYIGLDQSVVDAIDQIFSK,Meyerozyma guilliermondii ATCC 6260,hypothetical protein,0,0.298,0.86238,5.57,0.744,0.53,0.646870786,0.646761384,0.586635029
Ort-RDM-23_4,1,ODV69400,MLDTVFVSGATGYIAQYVVIYLLEKGYEVIGSVRSKEKGERLAGQLENKSFKYVLIPDIGAKGAFDGVLTTHPEITTFIHTASPFHYSTNEIEKDLMLPAIHGTQNALLAVKTFGSNIKRFVLTSSYVSNCSFLDDNSSNVTVDETSWNQITWEESLENAFNGYYGSKKFAEQAAWDFMKKEDLPFSLTCVNPSLVLGPQAFDLYAKGTVNTSAEMVNEILKLNVDSPIPKIKGPCIDVRDVAKAHLAAFENENTKNQRLIISYERFTSQGILDIIRETLPDLRSSLPIGTPGGQIEASRNTCIIDNSRTKTLLGYNFIPLKKTVTESIEQAIRANTYT,Hyphopichia burtonii NRRL Y-1933,NADPH-dependent methylglyoxal reductase GRE2,1,0.279,0.84767,5.6,0.434,0.32,0.578789909,0.546630084,0.447144751
Ort-RDM-23_5,1,KRZ99698,MTSVFVSGATGYIAQHIVKTLLENNYKVVGSVRSTEKGEKLKRLLQSTNFNYEVVNDIQKEGSFNEALKRHPEVTVFLHTASPFHFKAKDVEKELLIPAVNGTKNALKAIKEYAPQVKRVVVTSSIAAIKVDTKENDSTFVMTEQTWNPITWEEALSNPVSGYRGSKTFAEKAAWEFMETEKPLFILSTVNPVLVFGPQAFDTEVKETLNTSAEVINTLLKLKPDDPIPPLNNAFIDVRDVAKAHVVAFESDDAANQRLLLSESRYSSQLVLDLIHKNFPQFKSRIPVGTPGIYPDTSKLSKTDNSKTRAIVGFPFIPLEKSVIDTVQQIVKAEKLQ,Debaryomyces fabryi,hypothetical protein,1,0.294,0.85079,8.7,0.691,0.507,0.636278159,0.592574542,0.533939087
Ort-RDM-23_6,1,EGW30505,MSATVFVSGATGFIAQHVVKTLLSSNYKVIGSVRSTTKGDHLKSLLNSPNFSYEIVEDVEKEGAFDQALQKHPEVTVFLHTASPFHFKATDIEKELLLPAVNGTKNALNAIHKYGSNVSRVVITSSYAAISTASKEVDPNVVVTEQSWNEISWEDAKKDPVSGYRGSKTFAEKAAWEFVKEHNPKFVVSTINPSFVFGPQAYDSEVKDSLNTSSEFINAILKNGPDATIAPTRGGFVDVRDVAKAHLVAFEKEEAKNQRLILNAGRFTLQSIIDILNENIPELKGKIPVGEPGTDKAAIAGLSTIDNSKSLAILGFELIDLKKSVVDSVQQILQARK,Spathaspora passalidarum NRRL Y-27907,NADPH-dependent methylglyoxal reductase GRE2,1,0.315,0.85648,6.58,0.713,0.555,0.641004448,0.623474218,0.553557038
Ort-RDM-23_7,1,KGT65805,MSTPITVIVSGATGFIAQHVVKQLLAKNYQVIGTVRSTAKGDHLLKLFNNPKNLSYEIVEDVGTKGAFDKVLQKHGEAKVFLHLASPFHFNVTDVEKELLLPAVDGTKNVLQAIYNFGNNIEKVVITSSYAAISTASKEADKNAIITEKDWNEISWQDALLNPVNGYRGSKKFAEKAAWDFIKSNDNVKFSLSTINPSFVFGPQSFGSEIKQSLNTSSEIINSILKLKPNDSIPASKGGWVDVRDVAKAHIIAFENEDAKNQRILLNSGRFTSQSLVDIINDKFPDLKGKIPVDEPGSDKSVIAESLATIDDTKSRELLGFEYYNLEQSVYDTVEQIVNAHKL,Candida albicans 12C,hypothetical protein,0,0.277,0.83993,6.28,0.635,0.537,0.637139196,0.620158332,0.544630511
Ort-RDM-23_8,1,CAX41255,MSTPTTVIVSGATGFIAQHVVKQLLAKNYQVIGTVRSTTKGDHLLKLFNNPQNLSYEIVEDVGTKGAFDKVLQKHGEAKVFLHLASPFHFNVTDVEKELLLPAVDGTKNVLQAIYNFGKNIEKVVITSSYAAISTASKEADKNAVITEKDWNEISWQDSLLNPVNGYRGSKKFAEKAAWDFVKSNDNVKFSLSTINPSFVFGPQSFSSEIKQSLNTSSEIINSILKLKPNDPIPGSKGGWVDVRDVAKAHIIAFENEDAKNQRILLNSGRFTSQSLVDIINDKFPDLKGKIPVGEPGSDKEIIAESLATIDDTKSRELLGFKYYNLEQSVYDTVEQIVNAHKL,Candida dubliniensis CD36,NADPH-dependent methylglyoxal reductase,1,0.266,0.84181,6.77,0.72,0.517,0.629585598,0.62657013,0.539554824
Ort-RDM-23_9,1,EMG50243,MSTTVIVSGATGFIAQHVVKSLLAKNYQVIGTVRSTTKGDHLLKLFNNPSNLSYEIVEDVGTQGAFDNVLKHHPEAKIFLHLASPFHFKATNIEKELLEPAVNGTKNVLQAIKDYGSGIQKVVITSSYAAIGTASREADKSVVVTEDDWNAITWNEALENPIAGYRGSKTFAEKAAWDFVKQNSADVKFTISTVNPTFVFGPQAFEVGQELNTSSEVINSILKGSVPPTKGGWIDVRDVAKAHIIAFEKEEAVGKRLLLNAGRFNAGLLVKIIKEKYPQIELPDVKEEVISLATIDDSKTRKILGFDYYSLEQSVYDSVKQIIDARK,Candida maltosa Xu316,NADPH-dependent methylglyoxal reductase,1,0.287,0.8761,6.77,0.684,0.507,0.669130969,0.654878042,0.537171246
Ort-RDM-23_10,1,CCE39733,MTAKVIVSGGTGFIAQHILKQLLNHNYNVVTTVRSQAKGDHLLKLFNSPSSLSYEIVEDVGKPGAFDQVLEKNQDATVFLHTASPFHYKATDVAKELLEPAVEGTKNALKAIQKYGKNIKNVVITSSFAAVGSADKTTDPKVVFTEQDWNDITWDEAVKNVVNGYRGSKTFAERAAWDFIKENDSPFKLTTVNPGFTFGPQLFTSEIKDQLNTSSEVINSIVKLKPNDPIPTFKGNWIDVRDVAKAHVVAFENPKAAGQRLILAAGTFTEQSIVDLINAKFPNLNLPKGEPGADLKIKKEGLASVDNSKTKEILGYEFIDLDKSVTDSVQQILDAKKSKSGAL,Candida parapsilosis,hypothetical protein,1,0.289,0.83875,7.91,0.665,0.552,0.654482734,0.647616168,0.606277659
Ort-RDM-23_11,1,EER30950,MTTVIVSGATGFIAQHVVKLLLSKNYQVIGTVRSQSKGEGLLKLFNNPTNLKFEIVEDVGSEGAFDNVLKSHPEATIFLHLASPFHFNATDIEKELLLPAVNGTKNVLEAIYKYGINIEKVVITSSYAAIATASKEANNKEIITEESWNEITWDQALINPVQGYRGSKTFAEKSAWDFIKNHQDTIKFKISFINPSFVFGPQAFPIIDNNKNLNTSSEIINKLLKLNPNSEIPPTKGGWIDVRDVAKAHVLAFEKDSTENKRLLVNSGRFSAISLIRLIHKTISSIKSSFNFR,Candida tropicalis MYA-3404,hypothetical protein,1,0.286,0.85454,9.51,0.329,0.491,0.533567925,0.515010808,0.47562498
Ort-RDM-23_12,1,EDK46659,MPAKIILSGATGFIAQHILSELLQQNYTVVATVRSKAKGDHLLKLFSSPSNLSYVVVEDVAKPHAFDEVLRENEDATVFIHTASPFHFKATDIAKELLEPAVEGTKNALTAIQKYGKNIKDVVITSSFAAIGTASVVADPKAILSEADWNEVTQEEAVANPVNGYRASKTFAERAAWDFIRDNSSGFELTTVNPTFVFGPQLFASEVKDNLNTSSEVINSLTKLKSGDKIPPFKGGWIDVRDVAKAHLVAFENPEAKGQRLLLNAGQFTEQSIIDIVKEKFPEELKDVPTGEPGSGPTVVAETLASIDNSKTKQILGFEFITLGKSIIDSVQQIIDAKKHKVE,Lodderomyces elongisporus NRRL YB-4239,conserved hypothetical protein,1,0.274,0.83491,5.45,0.772,0.669,0.641075001,0.611070611,0.586417531
Ort-EZM-6_1,1,KGT67521,MSSSTTVFVSGASGFIAQTLVKQLIEKGYKVVGTVRSNEKGDSLKENLKAAKLQSENFTYEIVKDIAVKGAFDDALKKHPEVTVFLHTASPFHFNVTDIEKELLTPAVEGTNNALQAIKTHGPQIKRVVVTSSYAAVGRFADLADPSIPATEESWNPITWEQSLSNPLAGYVGSKKFAEKAAWDFVEKEKPNFTLSVINPVYVFGPQAFEIKNKSQLNTSSEIINGLLNSKPDSKFDNLTGYFIDVRDVAKAHIVAFEKDSIQGQRLILAESPFSTQSILDLIRKDFPQLDSQLPKGDPSQADAWKKAESKIENEKTRELLGFKFIDFKKSIDDSVAQIIG,Candida albicans 12C,hypothetical protein,1,0.289,0.85703,6.29,0.682,0.557,0.647680291,0.627800183,0.597715252
Ort-EZM-6_2,1,KGT70745,MSVSKSATTVFVSGASGFIAQNVIKQLLANGYKVIGSVRSESKGKELTDIIQSNDFQFAAIPDISAVGAFDDVLKSNSQISVFIHTASPVTYSAKDVQNELIKPAVEGTRNALNAIKSYGPQIKRVVVTSSFTAIASGKDFDHDKYYTEKDWNPVTIEQALSNPEAAYAYAKKMAEKTVWDFVETESPTFKVTVVNPTVVFGPQAFGVKDKSKLNLSIEMINDILTLKPDDEIPPYASRCIDVRDVAKAHLVAFEKEEAINQRLVLINQPFSNDLLAYIIKKSFPVINIPEGNLERSRECIAKSCIKTDLTKTQEILGFDYVPVEKTILDTIQQLYDA,Candida albicans 12C,hypothetical protein,1,0.286,0.8576,5.47,0.547,0.489,0.638006954,0.61243219,0.563655644
Ort-EZM-6_3,1,CAX41646,MSSSTTVFVSGASGFVAQTLVKQLIEKDYKVVGTVRSNEKGDSLKENLKAAKLASENFTYEIVKDISVKGAFDDALKKHPEVTVFLHTASPFHFNITDIEKELLTPAVEGTNNALQAIKTYGPQVKRVVVTSSYAAIGRFGDLADPSIPANEESWNPITWEQSLADPLSGYVASKKFAEKAAWDFVEKEKPNFTLSVINPVYIFGPQAFEIKNKSQLNTSSEIINGLLNSKPNDTFTNLTGYFIDVRDVAKAHIVAFEKDSIQGKRLILAESPFTTQSILDLIHKDFPQLNSKLPKGDPSQADAWKKGESRIDNEKTRELLGFKFIDFKKSIDDSVVQIIG,Candida dubliniensis CD36,D-lactaldehyde dehydrogenase,1,0.292,0.86203,6.28,0.732,0.548,0.630096148,0.603530716,0.587240209
Ort-EZM-6_4,1,EMG50750,MTSTSVFVSGASGFIAQELVKQLIKKGYNVVGTVRSTEKGESLKSNLKDAGLASENFEFEIVKDIAVKGAFDEALEKHPEVTVFLHTASPFHFNVTDIEKELLIPAVEGTKNALTAIKAHGPQIKKVVVTSSYAAIGSFLEYSDPSKTRTEDDWNVATYEQSKANAIHGYLGSKKYAELAAWDFVKEEKPNFTLSTVNPVYVFGPQAFEIKDKSQLNTSSELINGVLKLKPTDTVTNELTGYFIDVRDVAHAHIVAFEKKEAEGKRLLLAESPFSTQSILKQIREDFPQLREELPKGDPAEAEYWKKTESPIDNQKTKDILGFKFIDFKKSVDDSVAQIIA,Candida maltosa Xu316,putative oxidoreductase,1,0.298,0.85308,5.64,0.742,0.666,0.639654002,0.624409064,0.623519172
Ort-EZM-6_5,1,CCE40009,MSSETVVFVSGATGFIAQQIVKTVLEAGYKTIGSVRSEEKGKYLKSLIESAGLNSNLFNYVIVKDIGAKGAFNEALQAHPEVTVFLHTASPATFEIHDVEKELLKPAIEGTINALNAVTVYGKNVQRVVITSSYAAVAGFANLATPGKEVNEESWNPITYEQALENPFLGYIGSKKLAEKTVWNYIEEKKPKWDVTFVNPAFVLGPQAFAVRDKSKLNASNEIINSLLTANKTKVEPQQFVGYFIDVRDVAKAHLIAFEKNETVGQRLLLANAPFSSAGILDIIEKDFPNLKSELPKLDKSKSPKFEETESVVNNEKTRRILGFKFIDLKKSVDDTIKQLV,Candida parapsilosis,hypothetical protein,1,0.265,0.86258,7.81,0.642,0.53,0.617275609,0.608753422,0.572259739
Ort-EZM-6_6,1,CCE41438,MSSENVVFISGATGFIAQHIVKFLLEAGYKTIGSVRSEEKGKHLKSLLKSAGLKSDLFSYVVVEDIGAKGAFDEALKANPDVTVFLHTASPFTFEVHDVEKDLLKPAIEGTTNALNAIKVYGKNVKRVVVTSSYAAITGFADSATPGKEVNEDSWNPITYEQALANPFTGYVGSKKLAEKVVWNFVDEQKPNWEVTVINPVYVFGPQTFEVKDKSKLNTSNEVINNILISGKKKEEPQQYVGYFIDVRDVAKAHIVAFEKKEAAGQRLFLEEASFTTAEIYNIIEKDFPQLKSELPKLDESKAPKFEDTESVINNEKTRKILGFKFIDLRKTIDDTIAQLV,Candida parapsilosis,hypothetical protein,1,0.294,0.85125,5.87,0.695,0.599,0.647022352,0.640213583,0.582249835
Ort-EZM-6_7,1,EER35024,MATTTTVFVTGATGFIAQHIVIELLKNGYKVIGTVRSESKGDSLISNLKQYNIPNQENFKYEIVADISKPDAFDNALKSNQDISVFIHTASPFHFKAKDIKKELLEPAIEGTKNALNSIVNFAPEVKRVVITSSIAAVQTFGKLSNPNDVHNEESWDKISFEESCTDPFLGYIGSKKFAEKEAWDFINSNNVNFSLSVVNPAAVFGPQAFPITSSRELNTSSEEINKLLKLKPDDKVPDDKGAFIDVRDVAKAHLVAFEKDDAKGKRLLLVSGPYNSQAIINIVRNDFKSLDLVLPEGNPESGKLPIHSDRWDNEKTKKILGFDFIHLDECIHDSVQQILGDSLP,Candida tropicalis MYA-3404,hypothetical protein,1,0.298,0.83287,5.55,0.41,0.642,0.633090826,0.607100882,0.529577003
Ort-EZM-6_8,1,EER35045,MSSTSVFVSGASGYIAQELVKQLIQKNYKVVGTVRSNEKGDSLKENLKAAGLQSENFSYEIVKDIAVEGAFDEALKAHPEVTIFLHTASPFHFNVTDVEKELLLPAINGTKNALQAIKTYGPQIKHVVVTSSYAAIGAFFDLADPSKSKDESDWNPINYEQAKSNPHSGYVGSKKFAEQEAWEFLKNEKPNFTLSTVNPVYVFGPQAFEIKDRSQLNTSAEIVNSVLKLNKDSQVSPNLTGYFIDVRDVAKAHISSFENKEIIGKRLLLACSAFSTQSVLDIIRNDFPTLKEILPVGDPSQADDWKKLESEIKNDKTKELLGFEFIDFKKSVDDTVSQIIA,Candida tropicalis MYA-3404,hypothetical protein,1,0.298,0.85415,5.47,0.769,0.619,0.625913588,0.586063075,0.591999998
Ort-EZM-6_9,1,EMG50561,MSSLTTVFVSGGTGFIAQHIVKQLLKRHYRVIASVRSRAKGEKLRDNLQSENFSTTNFLFEIVPDIGIKGAFDDVLKANSDISVFLHTASPVTFDVTDIKKDLLDPAIEGTRNALEAISKYGPQIKRVVITSSIAAIQTFGRFAKEGESFDENSWNPISYEESLESPMYGYAGSKTFAEKTAWEYVSKNKPNFTLSVINPAMVFGPQAFPITNKAALNHSSQAISKLLELKPNDPVPEGKGAFVDVRDVAHAHIVAFERDDAQGKRLILLTGPYNNQAIVNITREDFPTLDLILPRGDPEKGELHDISKRWNNEATKKILGFEFIGLEKSVHDSVQQILGDSL,Candida maltosa Xu316,hypothetical protein,1,0.281,0.83711,6.38,0.554,0.428,0.592498738,0.574227768,0.501724874
Ort-EZM-6_10,1,ODV65262,MAPLNPHPNHAIANYSVLVTGLTGYIAQHLVKLLIAKGYKVIGQVRSKEKGERLKSNLGSDSFSYEVIQGLEVKGALDPILQKRKDIRAIFHTASPVLFESKDVYNEVFVPAVEGTKNVLESIYLHAPQVKKLVVTSSLAALASYDQNMDPNFIIDETNYNNTTMEETLKNGSNGYYGAKTFAERAVWDFKRNKYPNFEVTMIMPSYTIGPQAFDSEVNGNQLNTTAQWVADLLKLKPEDPIPGFLDSQIDVRDIARAHVVALENPNTNGKRYFMRLSRTNMQQILDIIHKHFPKEFGHLPKGKPITDYYNEIFVKAAYIDDTETRKIMDFDYISLEQTIIDTINQILRTK,Hyphopichia burtonii NRRL Y-1933,hypothetical protein,1,0.273,0.82067,7.26,0.536,0.344,0.579528133,0.556961748,0.495171944
Ort-EZM-6_11,1,KGT70854,MSGETVFVTGATGYIAQHIIKQLLSKGYSVIGSVRSQSKGEQLKELITAHHQDTTGDAKFDYVIVESLIEPGAFDSILQNHKEVGVFIHSASPIPFATDNVEKDILQPAIDGTKNVLTSIKKYGNENIKKLVITSSIAAVEPLGTGQTEPKTISEKDWNPITFEQGLANPAVAYYASKTLAEREVWKFVDENKNQLNFDVAVINPSFVFGPQAFGIKDKSAALRSTGEIINSVLKLKSNDPIPSLVASFIDVRDVARAHIIAFEDDDAIGQRLILDNEIFTKELIAHLIKKNFPSLDIPEGDIVKSEEEIANYPWRVDSTKTEKILGFKYISLDKSVVDTVNQLI,Candida albicans 12C,hypothetical protein,1,0.267,0.83589,5.25,0.779,0.679,0.630718809,0.611772207,0.55588287
Ort-EZM-6_12,1,ODV67907,MTASTTVFVSGATGFIAKHVVKDLIKKNYNVVGSVRSSEKGDHLAEQLNSDKFCYEVVADISVPGAFDQCLKNHPEITVFLHTASPFHFYTDNVENDLLKPAIEGTHNALNAIKKYGPQIERVVITSSVAAMASFEQLSNPNHVVNENSWNEINWEKAISNPFDGYFGSKTFAEKAAWDFVKTEKPNFILSTVNPSYVFGPQAFDEDAKGTLGTSAEVITGLLRLRKEEDIPNQRATFIDVRDVSNAHIVAFESDDAKEKRLVLIAAKEFSSQELLDIIHSNFDQFSEVPVGKPGTKSGQDGCIMDTKETLNILKTEFIGLEKSVVDSIQQYSNANN,Hyphopichia burtonii NRRL Y-1933,NADPH-dependent methylglyoxal reductase GRE2,1,0.294,0.85157,5.14,0.68,0.594,0.666172468,0.603602817,0.553582264
Ort-EZM-20_1,1,CAX43883,MSGETVFITGATGYIAQHIIKQLLSKGYSVIGSVRSHTKGEQLKELITAHHQDSTGTAKFDYVIVESLTSFGAFDSILQNHKEISIFIHTASPIPFPTDNIERDILNPAIDGTKNVLQSIKKYGNDNIKRVVITSSIAAIKPFGDEQTELKIISEKDWNPITFEQGLDNPIIAYYASKTLAEREVWKFIDEQSGNDNQINFKLAVVNPSFVFGPQAFGIKDKSAVLRSSAEIVNSILKLKSNDSIPSFVASFIDARDVAKAHILAFENNNTIGQRLLLNNEIFTKELIAHLIKKNFPSLDIPEGDVVKSEEQIANYPWRVDSTKTEKILGFEYIPLEKSIIDTVNQLI,Candida dubliniensis CD36,D-lactaldehyde dehydrogenase,1,0.256,0.82423,5.85,0.625,0.488,0.594318714,0.566471196,0.521851002
Ort-EZM-20_2,1,CCE40418,MSIFVSGATGFIAQNIVKQLLQANYKVIGSVRSTEKGETLSNNIKGSQLPVGNFKYEVVKDIAADGAFDNALDLHPEVEVFIHTASPVKFDVEDIKRDLLDPAIYGTTNALKAIQKHGKNIRKVVVTSSLAAVAGSRTVLKEGESVTEQNWNPVTWEESLHEVSDGYAGSKKFAEETVWKFVKDESPKFTVTTILPGVVFGPQAFPDFDRDGLNYSSQVINELLKLKPSDKIPQEAGLFVDVRDCAKAHIVAFVKEDAANKRLFAVAGRYNNQEVVDIIRSNFDELDQILPKGNPEDAKKYSPRSNRYDQSVTRSVLDYKFIGLEKSVVDTVAQLLD,Candida parapsilosis,hypothetical protein,1,0.32,0.8463,5.64,0.768,0.579,0.614541581,0.597802028,0.513517769
Ort-EZM-20_3,1,EER35026,MPVVTVFVSGASGFIAQELIKQLIAKNYHVVGSVRSPQKGDSLKDYLKSAGLKSDNFSYEVVKDIAVECAFDEALKKHPEVTVFLHTASPFHFRAKDIENEMLIPAINGTTNALKAIVKYGPQIKHVVVTSSVVAVGKYGKYAGANDKFNETDWNPIDYETSKKNPFYGYFGSKKFAEKSAWEFINTEKPNFKLSTVNPAMVLGPQAFPITSTRELNTSSEEINSLLKLKPGDKINSLEGTYIDVRDVARAHIVAFENDDAKGKRLLLVAEMYNGYDLLDIVNKNFPQLNLPKGDSSKGITGKVDKWNTKATKKILEFEYIGLERSVVDSVKQILDTKSGSSKL,Candida tropicalis MYA-3404,hypothetical protein,1,0.27,0.84422,9.28,0.569,0.479,0.622086167,0.595343536,0.576143946
Ort-EZM-20_4,1,EGW34746,MTSTSVFVSGANGYIAQHVVKQLLAKGYSVVGSVRSEAKGEELKSLINNDKFSYEVVPSLTEKGAFDDAIKKHPEVTVFLHTASPVSFSIKDIENDLVKPAIEGTVNALSAIKNYGPQITRVVVTSSAVSILGFGPYFDSDKIYNEDDWNPITYEEGLTNPHFGYFSSKKFAELAANDFVAKENPKFNISFVQPVYVFGPQAYAVKDKANLNFSSEIVNRVVKLSKDDKIPEEAAEFIDVRDVARAHIIAFESDEAISKRLFLAAETYTLDSIADIINRRFPQSTVPKADLSKNAEILKTAHKIDNSRTRKILGFEFKTLEESVYDTVEQINNA,Spathaspora passalidarum NRRL Y-27907,hypothetical protein,1,0.303,0.85624,5.47,0.757,0.636,0.624709231,0.624088433,0.576874002
Ort-EZM-20_5,1,EGW35041,MTSTSVFVSGANGYVAQHVVKQLLAKGYSVVGSVRSVAKGDQLKATINNDKFTYEIVPSLTDKEAFGEALKKHPEVTVFLHTASPVNFSPEDIENDTIKPAIEGTVNALNAIKEHGPQIKRVVITSSGVTMWGFGPYFDESKVYNEDDWNPITYEEGLSNAWFGYFASKKYAELAANDFVAKEKPNFDLSIVHPTFVFGPQAYGIQDKSSLNHSSELINSVVKLGKDDKIPEEGSVFIDVRDVARAHLVAFESDAAIGQRLLLGAEDWTKDLIADIINRQSSKLKRLFTSMTTQELEKFLGLISNPLKILSMISLNNSIMLK,Spathaspora passalidarum NRRL Y-27907,hypothetical protein,0,0.3,0.796,5.71,0.754,0.486,0.552836677,0.563994614,0.532058945
Ort-EZM-20_6,1,EGW35463,MTSTTVFVSGANGFIAQHIVKQLLAKGYTVIGSVRSHEKGEQLKQLINNDQFSYEIVSSLTDKDAFVDVLKKHPEITIFLHAASPVSFSVEDIENDLLKPAIEGTTNALNAIKEYGPQIKKVVLTASAVNIFGFGPHFDADQVYSEDVWNPITYEESLANGFFGYLGSKKYAELAARDFVAKEKVNFDISFVNPPYVFGPQAYAVKDKANLNLSNEVVNSVVKLTKGDSIPAEGSVFVDVRDVARAHIVAFENDAAASQRLFTASSRYTLDTIANIINKKFPDTTVPKGDESRNEEIYKSIHKFDNAKTNKILGFEYITLEESVSDIVDQIYNV,Spathaspora passalidarum NRRL Y-27907,hypothetical protein,1,0.277,0.85596,5.22,0.775,0.631,0.650737951,0.622821075,0.578003436
Ort-EZM-20_7,1,EGW35479,MTGTTVFVSGANGYIAQHIVKQLLAKGYSVVGSVRSSSKGEELKNLVKSDKFSYEIVPALGDKGAFDNALKKHPEVTVFLHTASPVSFSVNDIEKDLLRPAIDGTVNALQAIKDHGPQIKKVVITSSAVANLGWDKYFDGNKIYTEEDWNPITYQESLENAASGYYGSKKFAELAALDFIEKEKPNFAVSFVNPVYVFGPQAYAIKDKAQLNLSAEVINGVAKLGKNDKIAPFGSHFVDVRDVARAHLVAFENEEAISKRLIVASSGFTLDSIAHIINEHFPNSTVPKGDLSRNPEISKTNIQKVDSSKSNKILGFDLIPLEKSVVDTVQQIYSV,Spathaspora passalidarum NRRL Y-27907,hypothetical protein,1,0.292,0.85412,6.84,0.776,0.503,0.622121058,0.593810953,0.561770978
Ort-EZM-20_8,1,EGW33854,MIDMGINTASVMVFVSGANGYIAQHVVKQLLAKGYTVVGSVRSESKGDELKLLIQNEKFSYEVIPTLSDKNAFDAALKKHPEVTVFLHTASPVSFAIEDVENDLVKPAIEGTLNALRSIKEHAPQITRVVITSSAVAMWGFGSHFDGNKVHDELDWSPITYEEGLAGASFGYKSSKKYAELAAHDFMTKEKPNFAITYVHPTYTFGPQAYVVKDKKNLNLSNEIVNQVIKLGKDDEIPEHGNVFADVRDVAQAHIVAFESDEAIGQRLLLASGDFTLDSVAEIINRRFPHSNVPRGDVSRNEEIKKKMIHKYDNSKTRKILGFEFKTLEESIYDMVEQLDNA,Spathaspora passalidarum NRRL Y-27907,hypothetical protein,1,0.282,0.84935,5.86,0.692,0.516,0.612983452,0.564138468,0.559682284
Ort-EZM-20_9,1,EGW32862,MSTTSVFVSGANGFIAQHIVKQLLSKGYNVVGSVRSEAKGEELKSLVNNDKFSYEIVPSLTEDGAFDDALKKHPEVTVFLHTASPFSFSVKDVENDLMKPAVSGTLNALKAIKEHGPQIKRVVVTSSAVAVFGFGPQFDANKVYNEDDWNPVTYEQALSNPMFGYFGSKKYAEKAAHDFVAKETVNFGISFINPPYVFGPQAYAIKDKTTLNTSNEVINKVVKLTKNDVLPAEGHVFVDVRDVARAHLVAFEKDEAVSKRLLLVSGSYTLDTIANIINKKFPQTTVPKGDESRNPETSKRIHKFDNSRTQKILGFEFKPLEESIIDTVDQIYNA,Spathaspora passalidarum NRRL Y-27907,hypothetical protein,1,0.301,0.85444,6.84,0.746,0.493,0.649371279,0.640543316,0.55651709
Ort-EZM-20_10,1,EGW32253,MTSTSVFVSGANGFIAQHVVKELLSKGYTVIGSVRSEAKGEELKSLVKNDNFSYEIVASLTEEGAFDEVLKKHPEVTVFLHTASPFSFSVEDVEKDLMKPAINGTLNALNAIKKYGPQIKKVVITASAVANFGFGPHFDAEKVYNEDDWNPITYKESLENSFFGYFGSKKYAELAVHDFMAKETVNFDISFINPPYVFGPQAYVVKDKANLNLSNEVINRVVKLSKDDTIPAEGSVFVDVRDVARAHLVAFENDETVNKRLLTIAGRYTLDTIANIINRYFPSTTVPKGDESRNDEIYKNVHKYDNSRTNKLLGFEYTSLADTIFDTVEQIYNA,Spathaspora passalidarum NRRL Y-27907,hypothetical protein,1,0.294,0.85085,5.35,0.731,0.654,0.651466946,0.635247474,0.568755847
Ort-EZM-20_11,1,EGW32291,MTSTTTIFVSGANGYIAQHIVKQLLEQGHTVVGSVRSANKGEYLKELTQSNKFSYEVVSDISAPGAFDDALKKHPDVTVFIHTASPVTFQADDIERDIILPAIQGTKNALTAIKTYAPQVGRVVITSSLGAVFGFDEYFEKDKVYDEDSWNPIKYKESLLNARNGYYGSKKFAELAAVEFVENEKPKFAISFVNPSFVFGPQAYAIKDKNQLNLSAEVVNKVLKLKPTDNIPVFAGRFVDVRDVARAHLIAFEKDEAINKRLLMITSLASNEQIAYYINRHFPELPIPRGDLKKSEEQLKGSHKYDNSRTKALVGFDFISLEDSVVDSVQQVLDTK,Spathaspora passalidarum NRRL Y-27907,hypothetical protein,1,0.288,0.85523,6.49,0.757,0.5,0.639438441,0.597642348,0.546303295
Ort-EZM-20_12,1,CCG22283,MTVIVTGATGYIAQHIIKELLKENCNVIGTVRSESKGEYLSSLINSPYFTYAVVPNIIAEGAFDQLLTENNDVDCFIHAASPVDFQAKDIQNELLRPAIEGTKNVLHAIEKYGNVKNIIVTSSTAAVRDSSGNRDPEKWINESTWNKITLEQGLVSARLGYDVAKTFAEKEVLKFADKNKGIFNITTVNPTFVFGPQAYEVKCKEKLNESAEIVNRVLKSNPADEIPLHVGRFIDVRDVAKAHVEAMKRPEEFDGKRLILLHAGCTNELIASIINKHFPNVNIPKGSLEKHEEQMKTGDMKWDNSETKALLGFEFMCVEDSNIETVKQILDAK,Candida orthopsilosis Co 90-125,hypothetical protein,0,0.325,0.84195,5.74,0.583,0.582,0.637870123,0.604903082,0.539633538